ajuste,origem,destino,B,p5,p95,spec
nacional,lula22,flavio26,0.019007144606514786,0.00608179913249694,0.0327361098892156,amplo
nacional,lula22,lula26,0.9262547326648981,0.9167560239612746,0.9326077920053858,amplo
nacional,lula22,caiado26,0.0,0.0,0.0004891055715002774,amplo
nacional,lula22,cury26,0.012081753031669504,0.007347936266913736,0.016743171535014364,amplo
nacional,lula22,renan26,0.0,0.0,5.81260648163845e-05,amplo
nacional,lula22,zema26,0.0,0.0,0.0022933992665077805,amplo
nacional,lula22,outros26,0.0008793500816683975,0.00011634766780407898,0.002322095336795394,amplo
nacional,lula22,bn26,0.02306656840719656,0.020699623134113984,0.02644215147379058,amplo
nacional,lula22,abst26,0.018710451208052665,0.004682765768778707,0.028567682833356766,amplo
nacional,jair22,flavio26,0.9711198194609494,0.9596957397987892,0.9819768021684331,amplo
nacional,jair22,lula26,0.0,0.0,4.0843392703565445e-18,amplo
nacional,jair22,caiado26,0.010080155448039283,0.0034560689616099185,0.015403407976636441,amplo
nacional,jair22,cury26,0.006157699225866544,4.6731172548992927e-05,0.01031041043091825,amplo
nacional,jair22,renan26,2.2754216639006694e-18,0.0,0.004748620031617559,amplo
nacional,jair22,zema26,0.0,0.0,9.187445432789727e-19,amplo
nacional,jair22,outros26,4.821735052245105e-19,0.0,9.314331630032912e-19,amplo
nacional,jair22,bn26,2.073285191972311e-18,0.0,9.561625545961763e-19,amplo
nacional,jair22,abst26,0.012642325865144757,0.003362107966638768,0.025086823679780365,amplo
nacional,ciro22,flavio26,2.8713516939414324e-17,0.0,0.04242469118822853,amplo
nacional,ciro22,lula26,0.10936635971081013,0.0,0.2950114238559188,amplo
nacional,ciro22,caiado26,0.053000000562533206,3.0643976163739557e-18,0.0793280133216598,amplo
nacional,ciro22,cury26,0.2590916383818635,0.19612958288873136,0.31650346878207253,amplo
nacional,ciro22,renan26,0.2845109390384266,0.23802363450053116,0.32729064179555045,amplo
nacional,ciro22,zema26,0.05311051747528002,0.02152167038350135,0.06431430287100648,amplo
nacional,ciro22,outros26,0.049347703104758875,0.02128675426237561,0.06002404189532354,amplo
nacional,ciro22,bn26,0.19157284172632758,0.137908397751503,0.2165449261483562,amplo
nacional,ciro22,abst26,6.548861701476225e-17,0.0,0.20065593360122108,amplo
nacional,tebet22,flavio26,7.735523096843978e-17,0.0,5.679028347817515e-19,amplo
nacional,tebet22,lula26,0.0,0.0,7.204465202651053e-19,amplo
nacional,tebet22,caiado26,0.2118493601484413,0.16924252730102746,0.3287048045311785,amplo
nacional,tebet22,cury26,0.1691742349929813,0.11886809418795201,0.22898893434485018,amplo
nacional,tebet22,renan26,0.1431573971482863,0.07793753718182896,0.19528350500889957,amplo
nacional,tebet22,zema26,0.0,0.0,6.35847119424612e-19,amplo
nacional,tebet22,outros26,2.1422866134380146e-17,0.0,3.0977583067865865e-19,amplo
nacional,tebet22,bn26,3.9297934769185654e-17,0.0,3.771811244343798e-19,amplo
nacional,tebet22,abst26,0.4758190077102911,0.35654354058123167,0.5691938427295926,amplo
nacional,outros22,flavio26,4.740651499880207e-17,0.0,2.0400333585282921e-19,amplo
nacional,outros22,lula26,0.0,0.0,2.4332808120002904e-19,amplo
nacional,outros22,caiado26,1.9720422554627608e-17,0.0,0.06972043558783403,amplo
nacional,outros22,cury26,0.046307567140442533,0.0,0.21031148334993027,amplo
nacional,outros22,renan26,0.34174173957918424,0.13314731420017856,0.5176248184693553,amplo
nacional,outros22,zema26,7.613496089391175e-17,0.0,5.53733727197086e-19,amplo
nacional,outros22,outros26,0.0,0.0,3.901906902363689e-19,amplo
nacional,outros22,bn26,0.0,0.0,3.912292982134904e-19,amplo
nacional,outros22,abst26,0.6119506932803735,0.2933831702827489,0.866459746417156,amplo
nacional,bn22,flavio26,0.0,0.0,3.0222797302523513e-19,amplo
nacional,bn22,lula26,1.6591555639364127e-17,0.0,7.153266858637086e-19,amplo
nacional,bn22,caiado26,5.344936715852245e-18,0.0,2.6639980284535824e-19,amplo
nacional,bn22,cury26,0.034922596695420194,8.468512983917839e-19,0.08776093410056914,amplo
nacional,bn22,renan26,6.180772946335028e-17,0.0,6.373533326020103e-19,amplo
nacional,bn22,zema26,4.281268474892757e-18,0.0,4.506803404808403e-19,amplo
nacional,bn22,outros26,6.323762695743394e-19,0.0,3.6673019370313988e-19,amplo
nacional,bn22,bn26,0.652441503435949,0.6220008796020465,0.6913852259651024,amplo
nacional,bn22,abst26,0.3126358998686308,0.23388738978865262,0.357721981756462,amplo
nacional,abst22,flavio26,0.1435948939897328,0.09963162788664326,0.18616543220915208,amplo
nacional,abst22,lula26,0.0,0.0,8.922142140564374e-19,amplo
nacional,abst22,caiado26,0.023764702983056635,0.014627679206705355,0.03249377159499567,amplo
nacional,abst22,cury26,0.00957646084799845,1.0826378085110444e-18,0.020594023817039904,amplo
nacional,abst22,renan26,0.011969870878570666,0.007409639638766216,0.015607413246710857,amplo
nacional,abst22,zema26,0.002736416578718383,2.4317515204838013e-18,0.0054692822630490415,amplo
nacional,abst22,outros26,6.021557222030821e-18,0.0,0.0019624287051224283,amplo
nacional,abst22,bn26,0.009400284357186301,0.004978519156395019,0.013901482722262796,amplo
nacional,abst22,abst26,0.7989573703647369,0.767873032484697,0.8360166319409622,amplo
Centro-Oeste,lula22,flavio26,0.0,0.0,2.822548478963794e-18,amplo
Centro-Oeste,lula22,lula26,0.7228298230179554,0.6967315564912515,0.7887942780168715,amplo
Centro-Oeste,lula22,caiado26,0.05873975254382371,0.0,0.08414064083661854,amplo
Centro-Oeste,lula22,cury26,0.0039032091925326716,8.58837839955053e-18,0.01766951819987805,amplo
Centro-Oeste,lula22,renan26,0.0,0.0,0.008187001943051633,amplo
Centro-Oeste,lula22,zema26,0.0010560195861616674,0.0,0.003384770934426857,amplo
Centro-Oeste,lula22,outros26,0.0018106445283872577,0.0,0.004428692732943766,amplo
Centro-Oeste,lula22,bn26,0.051276740296410425,0.031455696917048144,0.05839341252685019,amplo
Centro-Oeste,lula22,abst26,0.16038381083472886,0.12625414299179127,0.17497082190706728,amplo
Centro-Oeste,jair22,flavio26,0.8921864381679478,0.8621856822512889,0.9474958720455587,amplo
Centro-Oeste,jair22,lula26,0.0,0.0,0.006261871284268898,amplo
Centro-Oeste,jair22,caiado26,1.51466431628014e-17,0.0,1.4054944748732695e-17,amplo
Centro-Oeste,jair22,cury26,0.017562765043780876,0.012006619883022507,0.02478845194680519,amplo
Centro-Oeste,jair22,renan26,0.016202919321889723,0.013244480425797265,0.025875808050883967,amplo
Centro-Oeste,jair22,zema26,0.0012463593229109465,0.0,0.0023957095997860084,amplo
Centro-Oeste,jair22,outros26,0.0015628927618684054,0.0,0.0029617537350520597,amplo
Centro-Oeste,jair22,bn26,0.022898330804021615,0.0018838160211067088,0.028280235522170155,amplo
Centro-Oeste,jair22,abst26,0.04834029457758057,0.017534677976252196,0.06774806157752938,amplo
Centro-Oeste,ciro22,flavio26,0.0,0.0,8.542350254625347e-19,amplo
Centro-Oeste,ciro22,lula26,1.0,0.0,1.0,amplo
Centro-Oeste,ciro22,caiado26,0.0,0.0,1.0,amplo
Centro-Oeste,ciro22,cury26,6.187893317047884e-17,0.0,3.694635706782907e-18,amplo
Centro-Oeste,ciro22,renan26,1.1728653462393483e-16,0.0,4.382759286017393e-16,amplo
Centro-Oeste,ciro22,zema26,0.0,0.0,1.1593569451820767e-18,amplo
Centro-Oeste,ciro22,outros26,0.0,0.0,1.617858737290827e-18,amplo
Centro-Oeste,ciro22,bn26,9.857134165435107e-18,0.0,4.484521043423664e-16,amplo
Centro-Oeste,ciro22,abst26,1.2121888508156292e-17,0.0,3.533931583373758e-18,amplo
Centro-Oeste,tebet22,flavio26,0.0,0.0,5.292400820787778e-19,amplo
Centro-Oeste,tebet22,lula26,0.554142461120443,0.010647059717477737,0.9098476770849626,amplo
Centro-Oeste,tebet22,caiado26,0.024268257441746887,0.0,0.864692755328413,amplo
Centro-Oeste,tebet22,cury26,0.18015234522768442,1.6888248781474666e-18,0.21696288142749895,amplo
Centro-Oeste,tebet22,renan26,0.19818543075862927,0.0,0.19218201982137523,amplo
Centro-Oeste,tebet22,zema26,0.0,0.0,7.372373602576469e-18,amplo
Centro-Oeste,tebet22,outros26,7.578827295557852e-19,0.0,1.5376686723363833e-17,amplo
Centro-Oeste,tebet22,bn26,0.04325150545149664,0.0,0.13545306657752423,amplo
Centro-Oeste,tebet22,abst26,6.423728465387163e-17,0.0,0.3385223583301216,amplo
Centro-Oeste,outros22,flavio26,9.486326884448034e-17,0.0,7.062744530619776e-19,amplo
Centro-Oeste,outros22,lula26,4.554510735838226e-16,0.0,0.9999999999999997,amplo
Centro-Oeste,outros22,caiado26,0.9999999999999997,0.0,1.0,amplo
Centro-Oeste,outros22,cury26,9.149539634969056e-17,0.0,0.420427462784872,amplo
Centro-Oeste,outros22,renan26,1.699326037346667e-17,0.0,0.4691497438345641,amplo
Centro-Oeste,outros22,zema26,0.0,0.0,2.7151922021296104e-17,amplo
Centro-Oeste,outros22,outros26,0.0,0.0,4.237900302061242e-17,amplo
Centro-Oeste,outros22,bn26,0.0,0.0,0.4175456344145527,amplo
Centro-Oeste,outros22,abst26,1.244244528682488e-16,0.0,8.254507628548971e-19,amplo
Centro-Oeste,bn22,flavio26,9.751392689882248e-17,0.0,5.168040833135331e-19,amplo
Centro-Oeste,bn22,lula26,4.934857361142101e-16,0.0,6.740516140682315e-19,amplo
Centro-Oeste,bn22,caiado26,0.9999999999999999,0.45152554514982995,1.0,amplo
Centro-Oeste,bn22,cury26,2.5016906338918947e-17,0.0,7.321381433330167e-18,amplo
Centro-Oeste,bn22,renan26,1.727311937688332e-18,0.0,1.1475568488083517e-16,amplo
Centro-Oeste,bn22,zema26,5.216399466106405e-19,0.0,2.6889378547943045e-18,amplo
Centro-Oeste,bn22,outros26,6.4752757141835074e-18,0.0,1.7205998633258321e-18,amplo
Centro-Oeste,bn22,bn26,0.0,0.0,0.5208374823163381,amplo
Centro-Oeste,bn22,abst26,5.752018103324702e-17,0.0,5.326099683314337e-18,amplo
Centro-Oeste,abst22,flavio26,0.29456149041186486,0.22182559132806112,0.33629976544387746,amplo
Centro-Oeste,abst22,lula26,0.0,0.0,0.004487254648344831,amplo
Centro-Oeste,abst22,caiado26,0.0,0.0,0.022337282265638688,amplo
Centro-Oeste,abst22,cury26,1.3907751598323578e-18,0.0,3.665314718327802e-18,amplo
Centro-Oeste,abst22,renan26,1.8038625402964394e-18,0.0,3.532054929028773e-18,amplo
Centro-Oeste,abst22,zema26,0.0,0.0,2.344483965859457e-18,amplo
Centro-Oeste,abst22,outros26,1.1134512789453795e-18,0.0,1.4919611863157665e-18,amplo
Centro-Oeste,abst22,bn26,1.0789876259039701e-17,0.0,0.017098429690921162,amplo
Centro-Oeste,abst22,abst26,0.7054385095881353,0.658193517554419,0.76604501975253,amplo
Nordeste,lula22,flavio26,0.00611731838516946,0.0,0.015979784669191553,amplo
Nordeste,lula22,lula26,0.8769259195388318,0.8644230999758621,0.8895729535529985,amplo
Nordeste,lula22,caiado26,0.00635073579739426,0.00502261946084688,0.007709715865010161,amplo
Nordeste,lula22,cury26,0.012870343779262881,0.011455577561348384,0.014823574880051489,amplo
Nordeste,lula22,renan26,0.00597685491731528,0.005451454944302527,0.007793326123331747,amplo
Nordeste,lula22,zema26,0.001170263834267819,0.00044837965885119127,0.001275457755587345,amplo
Nordeste,lula22,outros26,0.0014406656719329251,0.0005015842337209984,0.001970549365676927,amplo
Nordeste,lula22,bn26,0.017753778946751095,0.009661629727270938,0.023676991668490147,amplo
Nordeste,lula22,abst26,0.07139411912907447,0.0632632451320992,0.08009492693869116,amplo
Nordeste,jair22,flavio26,0.9165280935886776,0.8931049213849612,0.9357604866199212,amplo
Nordeste,jair22,lula26,0.0,0.0,9.953854740099712e-19,amplo
Nordeste,jair22,caiado26,0.0013005617371576173,0.0,0.007806026963145434,amplo
Nordeste,jair22,cury26,0.034676460028527444,0.017922989873718684,0.04274230424094402,amplo
Nordeste,jair22,renan26,0.022425657822792967,0.008162828428827835,0.029822207946522114,amplo
Nordeste,jair22,zema26,4.726443845678996e-19,0.0,0.0017407878118509744,amplo
Nordeste,jair22,outros26,0.0,0.0,0.0023705358622838654,amplo
Nordeste,jair22,bn26,0.0034067451331043453,0.0,0.012556270033886052,amplo
Nordeste,jair22,abst26,0.021662481689740085,0.0,0.06312114494734229,amplo
Nordeste,ciro22,flavio26,0.4914550677126091,0.41925981601861023,0.6092440215237441,amplo
Nordeste,ciro22,lula26,0.18543977220405608,0.0,0.3392007449213564,amplo
Nordeste,ciro22,caiado26,0.0,0.0,0.010814175011993488,amplo
Nordeste,ciro22,cury26,0.08562829343164718,0.04597078277879096,0.1441023884321303,amplo
Nordeste,ciro22,renan26,0.11247003084010637,0.08592835559769765,0.15387073265358756,amplo
Nordeste,ciro22,zema26,4.5245853064364554e-18,0.0,0.0024863367577570867,amplo
Nordeste,ciro22,outros26,2.288407737773262e-17,0.0,0.010404651160780824,amplo
Nordeste,ciro22,bn26,0.12500683581158115,0.05015611179454727,0.21060717891052647,amplo
Nordeste,ciro22,abst26,2.0372677628682822e-17,0.0,3.199839011820534e-19,amplo
Nordeste,tebet22,flavio26,1.0032811445673609e-16,0.0,1.3718227976375455e-19,amplo
Nordeste,tebet22,lula26,1.0767906341970293e-17,0.0,0.025881885771438316,amplo
Nordeste,tebet22,caiado26,0.20550851298599832,0.10307557442689962,0.25619932796815464,amplo
Nordeste,tebet22,cury26,0.12294697004499813,0.036687493311801586,0.251800044082054,amplo
Nordeste,tebet22,renan26,0.04943477172867319,0.0,0.1839577691860897,amplo
Nordeste,tebet22,zema26,2.8093965278057006e-18,0.0,6.449914035992806e-05,amplo
Nordeste,tebet22,outros26,0.0,0.0,0.020444555117109648,amplo
Nordeste,tebet22,bn26,0.025634941139159494,0.0,0.08364797542401936,amplo
Nordeste,tebet22,abst26,0.5964748041011707,0.27796204924957874,0.8017140460279395,amplo
Nordeste,outros22,flavio26,0.0,0.0,0.10105324409967585,amplo
Nordeste,outros22,lula26,0.0,0.0,0.254391289284703,amplo
Nordeste,outros22,caiado26,0.3469299502621824,0.15518321352405356,0.5000460482385841,amplo
Nordeste,outros22,cury26,0.1258192068047647,0.0,0.19468722278750578,amplo
Nordeste,outros22,renan26,0.11227920095893999,0.0,0.11961991359199262,amplo
Nordeste,outros22,zema26,0.0,0.0,0.04862751428641737,amplo
Nordeste,outros22,outros26,0.04065544898525731,0.0,0.0997348612547985,amplo
Nordeste,outros22,bn26,0.3743161929888558,0.14977404615109682,0.561135635709545,amplo
Nordeste,outros22,abst26,2.749752702824789e-16,0.0,0.5867670493718411,amplo
Nordeste,bn22,flavio26,9.280615748265248e-18,0.0,1.2787947572273792e-19,amplo
Nordeste,bn22,lula26,2.5733840319430907e-17,0.0,1.4260593760414216e-19,amplo
Nordeste,bn22,caiado26,0.0,0.0,1.0771438403185923e-18,amplo
Nordeste,bn22,cury26,9.174187381931725e-18,0.0,0.013425862725326936,amplo
Nordeste,bn22,renan26,2.875153085164481e-17,0.0,1.3050593960371638e-19,amplo
Nordeste,bn22,zema26,0.0,0.0,9.597313426309758e-20,amplo
Nordeste,bn22,outros26,7.948345418797541e-19,0.0,1.1536059346011539e-19,amplo
Nordeste,bn22,bn26,0.6761443888908449,0.5774764631357889,0.7945932577883262,amplo
Nordeste,bn22,abst26,0.323855611109155,0.1955328713504854,0.42252353686421107,amplo
Nordeste,abst22,flavio26,0.1680765466261428,0.1423306343397801,0.18783206017346044,amplo
Nordeste,abst22,lula26,0.20052780433968984,0.1771907964371829,0.22653933431889275,amplo
Nordeste,abst22,caiado26,0.0,0.0,0.0011694505289699317,amplo
Nordeste,abst22,cury26,0.0,0.0,1.3050263088126607e-19,amplo
Nordeste,abst22,renan26,0.0,0.0,1.1079124775637258e-19,amplo
Nordeste,abst22,zema26,0.0,0.0,3.4324752872949454e-19,amplo
Nordeste,abst22,outros26,1.2248096417297183e-18,0.0,4.419447341858527e-19,amplo
Nordeste,abst22,bn26,0.0074414665027122216,0.0007802417133283747,0.0151165093105418,amplo
Nordeste,abst22,abst26,0.6239541825314552,0.6019453075114535,0.6461921503886532,amplo
Norte,lula22,flavio26,5.4300458805315675e-18,0.0,2.740056293161096e-18,amplo
Norte,lula22,lula26,0.9275431455912115,0.9101478505295888,0.947235090518515,amplo
Norte,lula22,caiado26,0.0,0.0,2.4544580821163404e-18,amplo
Norte,lula22,cury26,0.0,0.0,0.005695238683815017,amplo
Norte,lula22,renan26,0.0,0.0,1.1232828121189165e-18,amplo
Norte,lula22,zema26,3.9979955110402976e-19,0.0,0.00036726481590138596,amplo
Norte,lula22,outros26,3.830882969154919e-19,0.0,0.0010584448151617417,amplo
Norte,lula22,bn26,0.023309332673888412,0.014663006530934105,0.03096438141498371,amplo
Norte,lula22,abst26,0.049147521734900064,0.03325944976161345,0.06212895114347202,amplo
Norte,jair22,flavio26,0.929890321961588,0.9043274356977202,0.9669530820782323,amplo
Norte,jair22,lula26,1.0505855523913494e-17,0.0,3.858953729259524e-18,amplo
Norte,jair22,caiado26,0.004817584822107527,0.0,0.012197382397236339,amplo
Norte,jair22,cury26,0.004263317105730574,0.0,0.013566685003102137,amplo
Norte,jair22,renan26,0.005473095874192751,0.0,0.011185682647738018,amplo
Norte,jair22,zema26,1.8820013296806486e-18,0.0,2.248562778538829e-18,amplo
Norte,jair22,outros26,0.0,0.0,0.0002765844388145808,amplo
Norte,jair22,bn26,0.0,0.0,3.1588942332436514e-18,amplo
Norte,jair22,abst26,0.05555568023638103,0.03194527396619551,0.07059496030662449,amplo
Norte,ciro22,flavio26,0.0,0.0,4.880270097429438e-19,amplo
Norte,ciro22,lula26,0.0,0.0,7.513381009773657e-19,amplo
Norte,ciro22,caiado26,0.0225051637464296,0.0,0.12267381961807391,amplo
Norte,ciro22,cury26,0.3842869470398047,0.25570348497061185,0.4805384486246032,amplo
Norte,ciro22,renan26,0.313187156505764,0.22783712919104507,0.40942988497647553,amplo
Norte,ciro22,zema26,3.920823819833844e-17,0.0,6.2496289552704665e-19,amplo
Norte,ciro22,outros26,0.0,0.0,2.0653905469138024e-17,amplo
Norte,ciro22,bn26,0.2800207327080017,0.11775452357967703,0.4369842905549461,amplo
Norte,ciro22,abst26,2.0233781007227263e-16,0.0,6.11142289201161e-19,amplo
Norte,tebet22,flavio26,0.0,0.0,4.776884418604523e-19,amplo
Norte,tebet22,lula26,0.3939183122778392,0.08827782855726403,0.6097792008693597,amplo
Norte,tebet22,caiado26,0.08057325292600923,0.0019929004605397796,0.13840552747807752,amplo
Norte,tebet22,cury26,0.2439767025763655,0.10918868370722762,0.4075893873626268,amplo
Norte,tebet22,renan26,0.14490629881624506,0.09526936317107071,0.18420748391135344,amplo
Norte,tebet22,zema26,0.0,0.0,0.005500162859423302,amplo
Norte,tebet22,outros26,0.014364911765875281,0.0,0.027997799488539633,amplo
Norte,tebet22,bn26,0.12226052163766589,2.848364704141002e-17,0.267341440230314,amplo
Norte,tebet22,abst26,0.0,0.0,0.07385674271233769,amplo
Norte,outros22,flavio26,0.0,0.0,2.7527572507854937e-19,amplo
Norte,outros22,lula26,2.799104188437537e-16,0.0,1.168115521041681e-18,amplo
Norte,outros22,caiado26,0.0,0.0,0.34589889476316804,amplo
Norte,outros22,cury26,0.374064724335361,0.0,0.7777833889904745,amplo
Norte,outros22,renan26,0.0,0.0,0.14597966034020712,amplo
Norte,outros22,zema26,2.5895276746653667e-17,0.0,3.9866860733260915e-19,amplo
Norte,outros22,outros26,4.266354600350166e-17,0.0,5.083898289453239e-19,amplo
Norte,outros22,bn26,0.0,0.0,3.7683202999791356e-19,amplo
Norte,outros22,abst26,0.625935275664639,0.04123037167414868,1.0,amplo
Norte,bn22,flavio26,4.64231087872916e-17,0.0,3.416428935580918e-19,amplo
Norte,bn22,lula26,0.0,0.0,3.7673660574303047e-19,amplo
Norte,bn22,caiado26,0.19411016254960015,0.04421005668105212,0.3402765067247184,amplo
Norte,bn22,cury26,0.04522752502618784,0.0,0.17925377804657294,amplo
Norte,bn22,renan26,2.320700065178285e-16,0.0,7.106623375741107e-19,amplo
Norte,bn22,zema26,0.0,0.0,2.9887139272436758e-19,amplo
Norte,bn22,outros26,0.0,0.0,3.6129877618876095e-19,amplo
Norte,bn22,bn26,0.2149588271955962,1.142174597681888e-16,0.36091572894318286,amplo
Norte,bn22,abst26,0.5457034852286158,0.31157277671357597,0.7743412328046908,amplo
Norte,abst22,flavio26,0.2775242379126217,0.23137461509797283,0.31165191193522734,amplo
Norte,abst22,lula26,0.0,0.0,1.3189017672798705e-18,amplo
Norte,abst22,caiado26,0.006756871800672946,9.02518959750428e-19,0.01091832532075902,amplo
Norte,abst22,cury26,0.008587150452911826,0.0,0.02388443604981449,amplo
Norte,abst22,renan26,0.003355482505335403,0.0,0.008195428979691726,amplo
Norte,abst22,zema26,0.0008544030424032475,0.0,0.0017489327636525198,amplo
Norte,abst22,outros26,0.0017096575652614408,0.0,0.0041570002754383086,amplo
Norte,abst22,bn26,0.025429546897997927,0.013048799621505118,0.03727415999149178,amplo
Norte,abst22,abst26,0.6757826498227956,0.6469444224066658,0.7177815639186458,amplo
Sudeste,lula22,flavio26,0.0012667832364827835,0.0,0.01748757060833563,amplo
Sudeste,lula22,lula26,0.8393452193378471,0.8218869401005228,0.8502119642940007,amplo
Sudeste,lula22,caiado26,0.006551265376275935,0.00292959373810788,0.010587311708790827,amplo
Sudeste,lula22,cury26,0.029337860976822585,0.026190913320086783,0.03321658033685959,amplo
Sudeste,lula22,renan26,0.008781232734922905,0.0025366207167533943,0.011546119770467851,amplo
Sudeste,lula22,zema26,0.00564188283569678,0.0036261242711178045,0.008844004045064234,amplo
Sudeste,lula22,outros26,0.0025531330605431187,0.0019950271072080934,0.004861945093903047,amplo
Sudeste,lula22,bn26,0.016681845332663946,0.012767688865629278,0.022800619099793834,amplo
Sudeste,lula22,abst26,0.08984077710874495,0.07084894050669382,0.10657156351887528,amplo
Sudeste,jair22,flavio26,0.9811562531587951,0.9616114492491592,0.9947422246609778,amplo
Sudeste,jair22,lula26,0.0,0.0,9.166008220034808e-19,amplo
Sudeste,jair22,caiado26,0.005367695817800708,1.871466357399174e-19,0.012186711971326139,amplo
Sudeste,jair22,cury26,0.009119227732284773,0.00022459307634625797,0.012175364558268167,amplo
Sudeste,jair22,renan26,0.004356823291119427,3.5557384334551477e-19,0.007135619701169782,amplo
Sudeste,jair22,zema26,5.30242624981192e-19,0.0,5.848312514537716e-19,amplo
Sudeste,jair22,outros26,2.371692252312041e-20,0.0,0.0004292541719354768,amplo
Sudeste,jair22,bn26,0.0,0.0,0.007807751575398529,amplo
Sudeste,jair22,abst26,1.5890338090490674e-18,0.0,0.014731105818123666,amplo
Sudeste,ciro22,flavio26,4.0379754661507006e-17,0.0,1.821736258972486e-19,amplo
Sudeste,ciro22,lula26,0.5767948056308401,0.3168986585661217,0.8101870607975641,amplo
Sudeste,ciro22,caiado26,0.0,0.0,2.0635840177482928e-19,amplo
Sudeste,ciro22,cury26,0.0,0.0,4.947283863873925e-18,amplo
Sudeste,ciro22,renan26,1.456219042919593e-17,0.0,0.26338411700814496,amplo
Sudeste,ciro22,zema26,4.100317091068617e-17,0.0,1.2213983488835506e-19,amplo
Sudeste,ciro22,outros26,4.343584953520052e-18,0.0,1.8259780411536582e-19,amplo
Sudeste,ciro22,bn26,0.0,0.0,1.9242206281453558e-19,amplo
Sudeste,ciro22,abst26,0.42320519436915993,0.11253930277104167,0.6247051780875866,amplo
Sudeste,tebet22,flavio26,2.577351851905385e-17,0.0,4.918720324705726e-19,amplo
Sudeste,tebet22,lula26,4.004771774618332e-18,0.0,0.07728928344418227,amplo
Sudeste,tebet22,caiado26,0.2143430079466503,0.18482519915574003,0.23076582430951703,amplo
Sudeste,tebet22,cury26,0.2270225560214206,0.1516921322824333,0.36342209472899045,amplo
Sudeste,tebet22,renan26,0.36793301823729263,0.2564622978147243,0.406089732069955,amplo
Sudeste,tebet22,zema26,0.0,0.0,0.025772734224737456,amplo
Sudeste,tebet22,outros26,0.028902695567922018,2.2997632732223908e-18,0.03617158206281075,amplo
Sudeste,tebet22,bn26,0.017753046736361362,0.0,0.06816786522672483,amplo
Sudeste,tebet22,abst26,0.14404567549035308,0.0,0.30401933186823965,amplo
Sudeste,outros22,flavio26,0.0,0.0,5.172989027559623e-20,amplo
Sudeste,outros22,lula26,4.8691688972913455e-18,0.0,0.16354370787375785,amplo
Sudeste,outros22,caiado26,0.01703688338076104,0.0,0.00700530581346842,amplo
Sudeste,outros22,cury26,0.069585261636937,0.0,0.2518371065407293,amplo
Sudeste,outros22,renan26,0.12108354830000623,0.0,0.1994208869374351,amplo
Sudeste,outros22,zema26,0.14590345102780874,0.0,0.22572345828309404,amplo
Sudeste,outros22,outros26,0.022595003253004828,0.0,4.099392236969335e-17,amplo
Sudeste,outros22,bn26,0.0130520052498437,0.0,2.1623724115953753e-17,amplo
Sudeste,outros22,abst26,0.6107438471516385,0.3750831102585451,1.0,amplo
Sudeste,bn22,flavio26,0.10202095484977881,0.0,0.2702333986475781,amplo
Sudeste,bn22,lula26,8.290080861367288e-17,0.0,1.1587410718438858e-19,amplo
Sudeste,bn22,caiado26,0.0,0.0,6.770461402345715e-18,amplo
Sudeste,bn22,cury26,0.056865371380996003,0.0,0.1270569613265347,amplo
Sudeste,bn22,renan26,3.755405274946666e-17,0.0,0.018199825337854827,amplo
Sudeste,bn22,zema26,8.033260471759784e-18,0.0,1.4487175073804723e-19,amplo
Sudeste,bn22,outros26,0.0,0.0,1.9063085282888873e-18,amplo
Sudeste,bn22,bn26,0.8411136737692251,0.7226972380406341,0.8783155780220055,amplo
Sudeste,bn22,abst26,0.0,0.0,0.08049535855637571,amplo
Sudeste,abst22,flavio26,0.1169708708943742,0.04043254674443245,0.16813151413231053,amplo
Sudeste,abst22,lula26,0.05420343467752823,0.020255009556243975,0.09076695483782997,amplo
Sudeste,abst22,caiado26,0.01518363111795405,0.001613071512992399,0.029984678146248608,amplo
Sudeste,abst22,cury26,1.632063082769586e-17,0.0,8.488328922672182e-19,amplo
Sudeste,abst22,renan26,0.0,0.0,0.007992851134225348,amplo
Sudeste,abst22,zema26,7.843525091574821e-18,0.0,0.0025390243498469005,amplo
Sudeste,abst22,outros26,0.0,0.0,0.0033858980018438016,amplo
Sudeste,abst22,bn26,0.00811306116418381,0.000529504047937671,0.015445272192066447,amplo
Sudeste,abst22,abst26,0.8055290021459597,0.7624159428724501,0.8363347012233087,amplo
Sul,lula22,flavio26,0.12167755915994323,0.09851110168599787,0.14731928792420237,amplo
Sul,lula22,lula26,0.7351507754904172,0.7072292836963548,0.7604402163924628,amplo
Sul,lula22,caiado26,0.015773110602004415,0.010934074390843084,0.018455813931754963,amplo
Sul,lula22,cury26,0.008665196430726333,0.0029937471890300435,0.015084973071883683,amplo
Sul,lula22,renan26,0.0006197722190997581,0.0,0.00709036048324715,amplo
Sul,lula22,zema26,0.0018602503845697195,0.0,0.003811815250800397,amplo
Sul,lula22,outros26,0.004448719956614337,0.0016827239150211306,0.005633901357124224,amplo
Sul,lula22,bn26,0.04049675317496222,0.036479009246770736,0.04392519356586458,amplo
Sul,lula22,abst26,0.07130786258166291,0.059493855563562646,0.08170363284915669,amplo
Sul,jair22,flavio26,1.0,0.9882284764847311,1.0,amplo
Sul,jair22,lula26,0.0,0.0,1.9884019027455906e-18,amplo
Sul,jair22,caiado26,2.8473012521953306e-18,0.0,7.113362838706921e-19,amplo
Sul,jair22,cury26,4.9419713791078526e-17,0.0,0.006876317677539934,amplo
Sul,jair22,renan26,0.0,0.0,0.005442322723893967,amplo
Sul,jair22,zema26,1.3685934845261358e-18,0.0,2.3091699711483553e-18,amplo
Sul,jair22,outros26,7.227308622447318e-19,0.0,6.222674607444514e-19,amplo
Sul,jair22,bn26,2.0316085239894394e-18,0.0,4.887697743012535e-19,amplo
Sul,jair22,abst26,0.0,0.0,8.190914479067492e-19,amplo
Sul,ciro22,flavio26,0.0,0.0,3.9044546186503537e-19,amplo
Sul,ciro22,lula26,0.8049549599522392,0.25460622149348167,1.0,amplo
Sul,ciro22,caiado26,0.0,0.0,5.715513630276004e-19,amplo
Sul,ciro22,cury26,0.0,0.0,0.1369523875002264,amplo
Sul,ciro22,renan26,3.594807828147251e-18,0.0,0.12840805981754558,amplo
Sul,ciro22,zema26,8.045542449494972e-17,0.0,3.2624896714153006e-19,amplo
Sul,ciro22,outros26,0.0,0.0,2.780226830684633e-19,amplo
Sul,ciro22,bn26,0.0,0.0,7.459183891758184e-19,amplo
Sul,ciro22,abst26,0.19504504004776094,1.5668290388601433e-17,0.5110441373377583,amplo
Sul,tebet22,flavio26,7.536687406431951e-18,0.0,7.737434214931228e-19,amplo
Sul,tebet22,lula26,0.0,0.0,1.867789705012501e-18,amplo
Sul,tebet22,caiado26,0.3398537932422277,0.2684545838304448,0.37245230341679114,amplo
Sul,tebet22,cury26,0.3374371710750316,0.28769303882570346,0.37800539886450635,amplo
Sul,tebet22,renan26,0.18907519362905884,0.09395596711637631,0.21611689134943096,amplo
Sul,tebet22,zema26,0.023440398980006587,0.005291473953894434,0.05261137757081362,amplo
Sul,tebet22,outros26,0.007785066008216843,0.0,0.021782918094731967,amplo
Sul,tebet22,bn26,0.008474188321744435,0.0,0.0864591554580697,amplo
Sul,tebet22,abst26,0.09393418874371409,0.008205494746244815,0.22884316307469219,amplo
Sul,outros22,flavio26,3.617677717723117e-17,0.0,1.2998249971209274e-19,amplo
Sul,outros22,lula26,0.26064536424791124,0.0,0.534084526011263,amplo
Sul,outros22,caiado26,0.0,0.0,1.4206711215312496e-19,amplo
Sul,outros22,cury26,0.11586785126700877,0.0,0.2074112722132604,amplo
Sul,outros22,renan26,0.62348678448508,0.46398381112157283,0.8571269128839787,amplo
Sul,outros22,zema26,7.323023345487054e-18,0.0,0.002900114598738494,amplo
Sul,outros22,outros26,1.2414114874959026e-17,0.0,2.665109759196852e-19,amplo
Sul,outros22,bn26,0.0,0.0,1.7326489070005248e-19,amplo
Sul,outros22,abst26,0.0,0.0,0.03692507616122851,amplo
Sul,bn22,flavio26,0.0,0.0,0.1681160493710625,amplo
Sul,bn22,lula26,0.0,0.0,2.0572775927581888e-19,amplo
Sul,bn22,caiado26,0.03243800470603186,0.0,0.10200928095157537,amplo
Sul,bn22,cury26,0.08612018527942757,0.0041136671622963505,0.1557772814293545,amplo
Sul,bn22,renan26,0.0,0.0,0.04168850798141418,amplo
Sul,bn22,zema26,0.0,0.0,1.7982374019383495e-19,amplo
Sul,bn22,outros26,0.0,0.0,1.4018229840936174e-19,amplo
Sul,bn22,bn26,0.6050890049561999,0.5066820660949546,0.6170709311344279,amplo
Sul,bn22,abst26,0.2763528050583411,0.11465482074508816,0.40506120929188066,amplo
Sul,abst22,flavio26,1.4089546044628032e-17,0.0,7.236060855072622e-18,amplo
Sul,abst22,lula26,0.06242944492123242,0.030602780888316566,0.11299714174837659,amplo
Sul,abst22,caiado26,0.0,0.0,0.008455572077834395,amplo
Sul,abst22,cury26,0.02382386335529327,0.005655237771609976,0.0341359543583287,amplo
Sul,abst22,renan26,0.03614319045231052,0.017309599769869587,0.04068027161230531,amplo
Sul,abst22,zema26,0.00399079885408087,0.0,0.00855405770290149,amplo
Sul,abst22,outros26,0.00018634378980595387,0.0,0.00449759591270695,amplo
Sul,abst22,bn26,0.0,0.0,0.008411136963160181,amplo
Sul,abst22,abst26,0.8734263586272769,0.8499520431878458,0.8916723081212186,amplo
uf_AL,lula22,flavio26,0.05998960187978877,0.02299800735740549,0.0786266802571052,amplo
uf_AL,lula22,lula26,0.8872144344835982,0.8651637962925628,0.9226755906535481,amplo
uf_AL,lula22,caiado26,0.0,0.0,2.268745985485129e-18,amplo
uf_AL,lula22,cury26,0.006634354233588514,5.109408616956348e-19,0.009440944794114205,amplo
uf_AL,lula22,renan26,0.0,0.0,0.005897150363420481,amplo
uf_AL,lula22,zema26,1.5771753477875072e-18,0.0,0.0006383417301767755,amplo
uf_AL,lula22,outros26,2.320870275476783e-19,0.0,0.0011516993202262149,amplo
uf_AL,lula22,bn26,0.026754791650510472,0.011122432060812983,0.03477608116813312,amplo
uf_AL,lula22,abst26,0.01940681775251409,0.0034807975191054044,0.04997453219069716,amplo
uf_AL,jair22,flavio26,0.9816706029164957,0.9570140109081199,1.0,amplo
uf_AL,jair22,lula26,0.0,0.0,1.4603059768900968e-18,amplo
uf_AL,jair22,caiado26,0.004017019252562308,0.0,0.008805006638021253,amplo
uf_AL,jair22,cury26,0.0036920768761915194,0.0,0.010479662348043957,amplo
uf_AL,jair22,renan26,0.0036990295138880683,0.0,0.00920728867581548,amplo
uf_AL,jair22,zema26,5.473950421630916e-19,0.0,0.00038845823022943946,amplo
uf_AL,jair22,outros26,8.92624495640263e-18,0.0,0.002669809764807441,amplo
uf_AL,jair22,bn26,2.261577969168982e-19,0.0,0.00774015685051833,amplo
uf_AL,jair22,abst26,0.006921271440862417,0.0,0.032045767078066736,amplo
uf_AL,ciro22,flavio26,4.9108640941199384e-17,0.0,0.22569545792748494,amplo
uf_AL,ciro22,lula26,1.3892610884391407e-17,0.0,0.0006007043040614956,amplo
uf_AL,ciro22,caiado26,5.585843473963209e-17,0.0,0.025113459443357466,amplo
uf_AL,ciro22,cury26,0.5003461774371826,0.18371038101767057,0.7116612712029682,amplo
uf_AL,ciro22,renan26,0.19167609502131125,3.911011183057694e-17,0.3042111591190806,amplo
uf_AL,ciro22,zema26,6.054591506973739e-18,0.0,1.6971458188013825e-17,amplo
uf_AL,ciro22,outros26,0.0,0.0,4.662267335639098e-17,amplo
uf_AL,ciro22,bn26,1.517959274444959e-16,0.0,2.955377891704652e-17,amplo
uf_AL,ciro22,abst26,0.30797772754150604,0.0,0.7759045203058772,amplo
uf_AL,tebet22,flavio26,0.0,0.0,0.3005747125054368,amplo
uf_AL,tebet22,lula26,0.36642541407436313,0.0,0.4964849329642561,amplo
uf_AL,tebet22,caiado26,0.12609281490668905,0.07654228283521332,0.1735679217972297,amplo
uf_AL,tebet22,cury26,0.07266296300011026,8.926088784702981e-18,0.2510252844575882,amplo
uf_AL,tebet22,renan26,0.1493971507792668,0.07166998374055618,0.21904978084838544,amplo
uf_AL,tebet22,zema26,0.002995816730136636,0.0,0.017333606003508615,amplo
uf_AL,tebet22,outros26,0.0169987984840611,0.0,0.04259644361000103,amplo
uf_AL,tebet22,bn26,0.0,0.0,0.33089867700683656,amplo
uf_AL,tebet22,abst26,0.2654270420253732,0.0,0.412721762621511,amplo
uf_AL,outros22,flavio26,1.1121119080975336e-16,0.0,1.0,amplo
uf_AL,outros22,lula26,3.4474240953250024e-18,0.0,5.522177367448507e-18,amplo
uf_AL,outros22,caiado26,0.17259108407420565,0.0,0.3519371933389807,amplo
uf_AL,outros22,cury26,0.20029489839016376,0.0,0.3740684741479916,amplo
uf_AL,outros22,renan26,0.18408527043803596,0.0,0.3593733565288281,amplo
uf_AL,outros22,zema26,0.029608373843171446,0.0,0.045711658872539855,amplo
uf_AL,outros22,outros26,0.06493501986631049,0.0,0.1154953254580334,amplo
uf_AL,outros22,bn26,6.441706739692635e-17,0.0,0.2242479135083898,amplo
uf_AL,outros22,abst26,0.3484853533881126,0.0,0.9106669957817866,amplo
uf_AL,bn22,flavio26,0.26452657247212064,0.0,0.527218685644376,amplo
uf_AL,bn22,lula26,3.8656042613844505e-17,0.0,1.910987061833498e-18,amplo
uf_AL,bn22,caiado26,0.0,0.0,4.090686447252986e-05,amplo
uf_AL,bn22,cury26,0.01642802354108936,0.0,0.1156923028550664,amplo
uf_AL,bn22,renan26,0.018316962610572696,0.0,0.05881016511542103,amplo
uf_AL,bn22,zema26,0.0033950706274651693,0.0,0.013260955603122945,amplo
uf_AL,bn22,outros26,0.00677004208054212,0.0,0.02326561749620505,amplo
uf_AL,bn22,bn26,0.6859937266123327,0.4698021110348536,0.7184843668086729,amplo
uf_AL,bn22,abst26,0.004569602055877317,0.0,0.31216884049944355,amplo
uf_AL,abst22,flavio26,0.02179420985814885,0.0,0.07629052589377519,amplo
uf_AL,abst22,lula26,0.11266836029989347,0.049976425947288364,0.15962911108064537,amplo
uf_AL,abst22,caiado26,3.2500654186147504e-18,0.0,0.0005422093269274999,amplo
uf_AL,abst22,cury26,0.0,0.0,1.9308221911780224e-18,amplo
uf_AL,abst22,renan26,0.0,0.0,0.003194471029892703,amplo
uf_AL,abst22,zema26,1.1350241493207625e-18,0.0,0.0007579520946830793,amplo
uf_AL,abst22,outros26,3.3406979439709605e-18,0.0,0.003112901653460161,amplo
uf_AL,abst22,bn26,0.060693649251430476,0.04309984161925564,0.08523961126113429,amplo
uf_AL,abst22,abst26,0.8048437805905272,0.7464697860587596,0.8390968945030147,amplo
uf_BA,lula22,flavio26,0.001873292475745517,0.0,0.021622673843454076,amplo
uf_BA,lula22,lula26,0.868421314927027,0.8462809871483342,0.8927022374118092,amplo
uf_BA,lula22,caiado26,0.008543650555611163,0.006843683809290546,0.011983785109813641,amplo
uf_BA,lula22,cury26,0.01980142850929742,0.009177369502755557,0.02501195148037241,amplo
uf_BA,lula22,renan26,0.010381313572381227,0.002511517017174082,0.01335869603578014,amplo
uf_BA,lula22,zema26,0.001048453834933555,0.0,0.001253189269457332,amplo
uf_BA,lula22,outros26,0.00180209699307482,0.0004678939870932057,0.002086734027643051,amplo
uf_BA,lula22,bn26,0.01674273727456308,0.009404604232536985,0.023392357130121506,amplo
uf_BA,lula22,abst26,0.07138571185736611,0.052035382628633,0.0833526921724854,amplo
uf_BA,jair22,flavio26,0.9348770238763691,0.9059465562868783,0.9547178830832582,amplo
uf_BA,jair22,lula26,2.7081588852520707e-17,0.0,2.5459645662801223e-18,amplo
uf_BA,jair22,caiado26,1.9899649432310697e-19,0.0,7.381693611974216e-19,amplo
uf_BA,jair22,cury26,0.0,0.0,0.011052618398937378,amplo
uf_BA,jair22,renan26,8.651462174357415e-18,0.0,0.0004972155403523543,amplo
uf_BA,jair22,zema26,0.0,0.0,6.918982012201852e-19,amplo
uf_BA,jair22,outros26,2.9105507905535853e-18,0.0,6.179317108456934e-19,amplo
uf_BA,jair22,bn26,0.0,0.0,9.005177839174892e-19,amplo
uf_BA,jair22,abst26,0.06512297612363104,0.04429065770563966,0.08962888003889892,amplo
uf_BA,ciro22,flavio26,6.482004332158259e-17,0.0,0.0034665753205185223,amplo
uf_BA,ciro22,lula26,1.6684632648866554e-16,0.0,3.1870144036035096e-19,amplo
uf_BA,ciro22,caiado26,0.2759215519241665,9.345629034212821e-17,0.3350220330725692,amplo
uf_BA,ciro22,cury26,0.28390414465752317,0.16257361959836553,0.5150335174583728,amplo
uf_BA,ciro22,renan26,0.22630558813978216,0.18540564542273485,0.3257012759040927,amplo
uf_BA,ciro22,zema26,2.1616280813929745e-18,0.0,3.4390861147504707e-19,amplo
uf_BA,ciro22,outros26,0.0,0.0,3.055062552289051e-19,amplo
uf_BA,ciro22,bn26,0.20675105098509985,6.645806739871852e-17,0.32093235003495435,amplo
uf_BA,ciro22,abst26,0.007117664293428156,0.0,0.326716239782075,amplo
uf_BA,tebet22,flavio26,4.834535837660485e-17,0.0,1.4343841217261536e-19,amplo
uf_BA,tebet22,lula26,2.0903132011900827e-17,0.0,2.767203699120596e-19,amplo
uf_BA,tebet22,caiado26,0.005612533624321704,0.0,0.19171793578941704,amplo
uf_BA,tebet22,cury26,2.2797944714908697e-17,0.0,0.09366510811235114,amplo
uf_BA,tebet22,renan26,0.0,0.0,3.8713275571299446e-17,amplo
uf_BA,tebet22,zema26,0.0,0.0,1.4653802336397407e-19,amplo
uf_BA,tebet22,outros26,1.891053994304429e-18,0.0,1.3102276205043943e-19,amplo
uf_BA,tebet22,bn26,1.2333789681779716e-16,0.0,0.10159945959292632,amplo
uf_BA,tebet22,abst26,0.9943874663756783,0.6520673650771741,1.0,amplo
uf_BA,outros22,flavio26,7.771103774584578e-17,0.0,0.01711265215976796,amplo
uf_BA,outros22,lula26,3.651919024615872e-16,0.0,7.716734847282695e-20,amplo
uf_BA,outros22,caiado26,0.10690965485136798,0.0,0.29392373057801985,amplo
uf_BA,outros22,cury26,4.786329075049875e-17,0.0,1.8379347052975408e-17,amplo
uf_BA,outros22,renan26,0.0,0.0,3.0510656155692015e-19,amplo
uf_BA,outros22,zema26,1.4797347951177407e-17,0.0,1.6500201812513776e-19,amplo
uf_BA,outros22,outros26,0.0,0.0,1.6139154018746627e-19,amplo
uf_BA,outros22,bn26,0.6940461452080445,0.0669377428015001,0.8903860053155788,amplo
uf_BA,outros22,abst26,0.19904419994058728,0.0,0.9330622571985001,amplo
uf_BA,bn22,flavio26,2.345305025335477e-17,0.0,2.1175426634663496e-19,amplo
uf_BA,bn22,lula26,5.633489242682386e-17,0.0,2.79654581922977e-19,amplo
uf_BA,bn22,caiado26,4.2583439086784014e-17,0.0,7.877640336142228e-18,amplo
uf_BA,bn22,cury26,0.0,0.0,7.037758530719568e-18,amplo
uf_BA,bn22,renan26,0.0,0.0,1.4249228298797721e-19,amplo
uf_BA,bn22,zema26,0.0,0.0,1.2914870165463928e-19,amplo
uf_BA,bn22,outros26,0.0,0.0,1.271745117260793e-19,amplo
uf_BA,bn22,bn26,0.5829291150910813,0.4396808488260871,0.7543336222864198,amplo
uf_BA,bn22,abst26,0.4170708849089187,0.23473064221087525,0.560319151173913,amplo
uf_BA,abst22,flavio26,0.20931328949342998,0.16458939386057658,0.2285297904319382,amplo
uf_BA,abst22,lula26,0.235634947320529,0.18256200087657423,0.2882579115241039,amplo
uf_BA,abst22,caiado26,0.0,0.0,0.010829520990080756,amplo
uf_BA,abst22,cury26,0.005596375298618056,0.0,0.015423428110864989,amplo
uf_BA,abst22,renan26,0.0017828789810888335,0.0,0.01277670344146087,amplo
uf_BA,abst22,zema26,6.321790697163068e-18,0.0,0.002522464907328681,amplo
uf_BA,abst22,outros26,7.00021776579946e-18,0.0,0.002859285957467671,amplo
uf_BA,abst22,bn26,0.009210989210915801,0.0,0.02554262338672247,amplo
uf_BA,abst22,abst26,0.5384615196954183,0.4996691510201852,0.5880934755483959,amplo
uf_CE,lula22,flavio26,0.035773865622841176,0.014249316875717916,0.04582162184377135,amplo
uf_CE,lula22,lula26,0.8080578342102309,0.7779186592086825,0.8581840896095848,amplo
uf_CE,lula22,caiado26,0.0,0.0,0.005251146317477178,amplo
uf_CE,lula22,cury26,0.01115901850026529,0.0071498398832249,0.01354376280403445,amplo
uf_CE,lula22,renan26,0.006946138550762383,0.002800958784353893,0.012978442331149314,amplo
uf_CE,lula22,zema26,3.968263966232525e-05,0.0,0.0006458526806919899,amplo
uf_CE,lula22,outros26,0.00039641105917878416,0.0,0.0013106796599637392,amplo
uf_CE,lula22,bn26,0.016856741754253612,0.008758781535248781,0.021821518295191897,amplo
uf_CE,lula22,abst26,0.12077030766280557,0.0857983749198166,0.1451799363509588,amplo
uf_CE,jair22,flavio26,0.9482034740113796,0.9261372379384405,0.9899144372206287,amplo
uf_CE,jair22,lula26,3.6591823321385775e-18,0.0,3.0723804055934658e-18,amplo
uf_CE,jair22,caiado26,0.0037289892964227503,0.0,0.008123825266539195,amplo
uf_CE,jair22,cury26,0.03576177997249763,0.0058610876265866715,0.0431313585753504,amplo
uf_CE,jair22,renan26,0.012305756719700061,0.0,0.028169912988536605,amplo
uf_CE,jair22,zema26,4.946672411965114e-19,0.0,1.7830453821286888e-18,amplo
uf_CE,jair22,outros26,3.5236570605778894e-19,0.0,0.00020901739801547928,amplo
uf_CE,jair22,bn26,0.0,0.0,0.0016354208335999957,amplo
uf_CE,jair22,abst26,6.098637220230962e-19,0.0,0.015574237809445607,amplo
uf_CE,ciro22,flavio26,0.2913682289977122,0.23672214690923127,0.5634568384357623,amplo
uf_CE,ciro22,lula26,0.3352645193718553,7.380672871098324e-18,0.37970384315195915,amplo
uf_CE,ciro22,caiado26,0.05841072303456606,0.039562053377672046,0.08338565406619598,amplo
uf_CE,ciro22,cury26,0.0841884594769288,0.06739045593429144,0.1340111320389065,amplo
uf_CE,ciro22,renan26,0.09689977391638903,0.06934078744224928,0.12977395804440842,amplo
uf_CE,ciro22,zema26,0.009828549920473622,0.0,0.011604426980599348,amplo
uf_CE,ciro22,outros26,0.011786470518422111,0.0,0.017859972048303894,amplo
uf_CE,ciro22,bn26,0.11225327476365278,0.017791021645950776,0.1759655547965083,amplo
uf_CE,ciro22,abst26,1.8878670328403846e-17,0.0,0.10809819238651804,amplo
uf_CE,tebet22,flavio26,0.0,0.0,0.023186899363098756,amplo
uf_CE,tebet22,lula26,0.5767387249161835,0.0,1.0,amplo
uf_CE,tebet22,caiado26,0.04805238981662428,0.0,0.07706608158820437,amplo
uf_CE,tebet22,cury26,0.11229374742391177,0.0,0.7523329711296729,amplo
uf_CE,tebet22,renan26,0.2629151378432807,3.240407125433685e-17,0.4376464568539272,amplo
uf_CE,tebet22,zema26,0.0,0.0,2.1427193943345103e-17,amplo
uf_CE,tebet22,outros26,0.0,0.0,1.545980183131319e-17,amplo
uf_CE,tebet22,bn26,0.0,0.0,3.5627047500507226e-17,amplo
uf_CE,tebet22,abst26,0.0,0.0,0.12922692352704196,amplo
uf_CE,outros22,flavio26,0.15658382525455508,0.0,0.27462935128521454,amplo
uf_CE,outros22,lula26,2.9856979654472107e-16,0.0,1.5869579165838053e-17,amplo
uf_CE,outros22,caiado26,0.24755417238856503,0.0,0.37909178646770864,amplo
uf_CE,outros22,cury26,0.2423291314463492,0.0,0.3890580193498339,amplo
uf_CE,outros22,renan26,0.2637252305865278,0.0,0.3733386013359444,amplo
uf_CE,outros22,zema26,0.00833545993221677,0.0,0.007746530287901308,amplo
uf_CE,outros22,outros26,0.044466019242788105,0.0,0.05352203923291449,amplo
uf_CE,outros22,bn26,0.037006161148997616,0.0,0.18844847648541366,amplo
uf_CE,outros22,abst26,0.0,0.0,0.9999999999999998,amplo
uf_CE,bn22,flavio26,0.129387615740499,0.0,0.3632779596256771,amplo
uf_CE,bn22,lula26,0.0,0.0,2.43840933179812e-19,amplo
uf_CE,bn22,caiado26,0.0,0.0,2.4118803260645664e-18,amplo
uf_CE,bn22,cury26,1.220405070403996e-17,0.0,0.011811041022263559,amplo
uf_CE,bn22,renan26,0.0,0.0,3.567066010199572e-18,amplo
uf_CE,bn22,zema26,8.456776945386935e-18,0.0,4.029095227325608e-19,amplo
uf_CE,bn22,outros26,0.0,0.0,6.774675391258301e-19,amplo
uf_CE,bn22,bn26,0.7332213314268402,0.5993105337864096,0.9000346284110937,amplo
uf_CE,bn22,abst26,0.1373910528326608,0.0,0.3074180097194534,amplo
uf_CE,abst22,flavio26,0.12092836233926316,0.08088662796441937,0.1645645768724433,amplo
uf_CE,abst22,lula26,0.34063824374563945,0.23640314796834544,0.4291686645311924,amplo
uf_CE,abst22,caiado26,0.004580211128161529,0.0,0.00724140386745635,amplo
uf_CE,abst22,cury26,0.0,0.0,0.004758467629391818,amplo
uf_CE,abst22,renan26,2.1386523126987016e-18,0.0,0.006939955508378599,amplo
uf_CE,abst22,zema26,8.809142651444724e-19,0.0,0.0031106578838747466,amplo
uf_CE,abst22,outros26,0.0,0.0,0.003956441026893204,amplo
uf_CE,abst22,bn26,0.029989308778368685,0.018227988441299477,0.04597841263881418,amplo
uf_CE,abst22,abst26,0.5038638740085672,0.43786878498172266,0.5779215545170441,amplo
uf_GO,lula22,flavio26,0.003870454973467247,0.0,0.04166050974771757,amplo
uf_GO,lula22,lula26,0.7181748890127879,0.6898605979070709,0.7313179261035696,amplo
uf_GO,lula22,caiado26,0.10689139276581913,0.0743556313084519,0.13162281696101688,amplo
uf_GO,lula22,cury26,0.0002682358333075434,0.0,0.009375074945776267,amplo
uf_GO,lula22,renan26,6.1287598294176935e-18,0.0,0.004995739875977302,amplo
uf_GO,lula22,zema26,0.0,0.0,0.0014329315403161017,amplo
uf_GO,lula22,outros26,0.0,0.0,0.002412034967490466,amplo
uf_GO,lula22,bn26,0.028167159267351444,0.019918095854950232,0.03592275054847282,amplo
uf_GO,lula22,abst26,0.14262786814726677,0.11008455211600096,0.17089378586325113,amplo
uf_GO,jair22,flavio26,0.8896756809967706,0.848968977175228,0.955352805200379,amplo
uf_GO,jair22,lula26,2.3311934895214447e-18,0.0,0.023798698374784703,amplo
uf_GO,jair22,caiado26,0.03386859260331947,0.0,0.05466333071608623,amplo
uf_GO,jair22,cury26,0.017971356489513434,0.006309242633373406,0.026096275019168735,amplo
uf_GO,jair22,renan26,0.018894990161996042,0.006825998467083886,0.028256271355279892,amplo
uf_GO,jair22,zema26,0.0013433370564684133,0.0,0.0015333298512210745,amplo
uf_GO,jair22,outros26,0.002247268389401255,0.0,0.002526279164641957,amplo
uf_GO,jair22,bn26,0.007297891146346428,1.4896768443361384e-18,0.01571483731338856,amplo
uf_GO,jair22,abst26,0.028700883156184315,0.005960662551190384,0.050512995883608636,amplo
uf_GO,ciro22,flavio26,0.0,0.0,1.9599813003872477e-19,amplo
uf_GO,ciro22,lula26,0.9999999999999998,0.5613259248879211,1.0,amplo
uf_GO,ciro22,caiado26,2.543000430729487e-16,0.0,0.4367316681150543,amplo
uf_GO,ciro22,cury26,0.0,0.0,1.311127593010853e-19,amplo
uf_GO,ciro22,renan26,0.0,0.0,8.459390389445072e-17,amplo
uf_GO,ciro22,zema26,0.0,0.0,1.1908224447211398e-19,amplo
uf_GO,ciro22,outros26,0.0,0.0,1.1077073367718118e-19,amplo
uf_GO,ciro22,bn26,0.0,0.0,1.0727142881383681e-19,amplo
uf_GO,ciro22,abst26,1.7049979134841015e-17,0.0,2.5691568081407118e-19,amplo
uf_GO,tebet22,flavio26,0.0,0.0,1.6794809775082492e-19,amplo
uf_GO,tebet22,lula26,3.45705909510002e-17,0.0,9.055400937246662e-17,amplo
uf_GO,tebet22,caiado26,1.0,1.0,1.0,amplo
uf_GO,tebet22,cury26,0.0,0.0,3.4280327980099436e-17,amplo
uf_GO,tebet22,renan26,0.0,0.0,5.867335052279539e-17,amplo
uf_GO,tebet22,zema26,0.0,0.0,9.421657487331054e-20,amplo
uf_GO,tebet22,outros26,0.0,0.0,9.04525308549186e-20,amplo
uf_GO,tebet22,bn26,0.0,0.0,7.919348326300855e-17,amplo
uf_GO,tebet22,abst26,1.2906135138195367e-17,0.0,1.4687919235326118e-17,amplo
uf_GO,outros22,flavio26,1.1562449716274428e-16,0.0,5.949181121715876e-20,amplo
uf_GO,outros22,lula26,6.490903472060349e-17,0.0,0.1456759767768887,amplo
uf_GO,outros22,caiado26,0.9999999999999998,0.8543240232231116,1.0,amplo
uf_GO,outros22,cury26,1.4014689507914433e-17,0.0,8.13482675020288e-20,amplo
uf_GO,outros22,renan26,8.574527759945083e-17,0.0,1.3319607953180492e-19,amplo
uf_GO,outros22,zema26,8.41802518805005e-18,0.0,6.694597509035472e-20,amplo
uf_GO,outros22,outros26,7.331678963416808e-18,0.0,7.475933044087712e-20,amplo
uf_GO,outros22,bn26,1.7537790703120687e-17,0.0,1.0788738949072108e-19,amplo
uf_GO,outros22,abst26,2.948198758081079e-17,0.0,7.038040730458713e-17,amplo
uf_GO,bn22,flavio26,1.1254500300388287e-16,0.0,0.4024061560981995,amplo
uf_GO,bn22,lula26,7.82696295047804e-17,0.0,0.10811241945964604,amplo
uf_GO,bn22,caiado26,0.12214664280615996,0.0,0.5124099506517211,amplo
uf_GO,bn22,cury26,0.127519514110349,0.0,0.19501068680212866,amplo
uf_GO,bn22,renan26,0.12140098986952534,0.0,0.24917215646339935,amplo
uf_GO,bn22,zema26,8.739447721753456e-18,0.0,1.8489632108111556e-19,amplo
uf_GO,bn22,outros26,4.721017540860648e-18,0.0,2.1147278444230265e-18,amplo
uf_GO,bn22,bn26,0.6289328532139655,0.4294806252054218,0.7029303546619742,amplo
uf_GO,bn22,abst26,0.0,0.0,1.3357832662675528e-17,amplo
uf_GO,abst22,flavio26,0.2440123388030548,0.13948546546687912,0.29154247054388455,amplo
uf_GO,abst22,lula26,0.0,0.0,6.727059849897956e-19,amplo
uf_GO,abst22,caiado26,2.0570195124070684e-18,0.0,0.05458300348585669,amplo
uf_GO,abst22,cury26,1.1720686058733372e-17,0.0,0.010697087256691676,amplo
uf_GO,abst22,renan26,0.0,0.0,0.00014250784901123563,amplo
uf_GO,abst22,zema26,3.865540733913406e-18,0.0,1.3779120049987942e-18,amplo
uf_GO,abst22,outros26,1.7890659334990908e-18,0.0,9.973794755945947e-19,amplo
uf_GO,abst22,bn26,1.8251707128758054e-18,0.0,0.02937795693158995,amplo
uf_GO,abst22,abst26,0.7559876611969452,0.6992944534125757,0.8283389197340927,amplo
uf_MA,lula22,flavio26,4.873282938587856e-05,0.0,0.01947768384437741,amplo
uf_MA,lula22,lula26,0.8603439443438616,0.8165328093890253,0.8811847181102341,amplo
uf_MA,lula22,caiado26,0.0020102245273599514,0.0,0.007076190282124339,amplo
uf_MA,lula22,cury26,0.004292783197435392,2.3069583733990325e-20,0.010032023077647232,amplo
uf_MA,lula22,renan26,0.00027713835373767285,0.0,0.006074882099802594,amplo
uf_MA,lula22,zema26,0.0014039376518778933,0.0,0.0017713841726528616,amplo
uf_MA,lula22,outros26,0.0008827592701118632,0.0,0.001824552452359766,amplo
uf_MA,lula22,bn26,0.012903267155601352,0.00193856630511625,0.027302582864064538,amplo
uf_MA,lula22,abst26,0.11783721267062841,0.08838268184212507,0.15531074389020258,amplo
uf_MA,jair22,flavio26,1.0,0.989165904367211,1.0,amplo
uf_MA,jair22,lula26,0.0,0.0,4.008931004174371e-18,amplo
uf_MA,jair22,caiado26,4.6688456052657035e-18,0.0,9.994128509763693e-19,amplo
uf_MA,jair22,cury26,5.177065373618284e-18,0.0,1.952342121994198e-18,amplo
uf_MA,jair22,renan26,1.81603863891322e-18,0.0,1.163420928877463e-18,amplo
uf_MA,jair22,zema26,6.674619624363887e-18,0.0,8.71021350454461e-19,amplo
uf_MA,jair22,outros26,1.782157321023048e-18,0.0,9.746218964663945e-19,amplo
uf_MA,jair22,bn26,0.0,0.0,9.051288195241047e-19,amplo
uf_MA,jair22,abst26,5.417622730638505e-18,1.6040977606203944e-18,0.009901355465898085,amplo
uf_MA,ciro22,flavio26,5.1232787814676356e-17,0.0,0.6182582651487089,amplo
uf_MA,ciro22,lula26,5.585165847605406e-17,0.0,2.0299144580949377e-18,amplo
uf_MA,ciro22,caiado26,1.1325592834442524e-16,0.0,0.10532584344949927,amplo
uf_MA,ciro22,cury26,0.19036626700943782,0.0,0.36587955382846,amplo
uf_MA,ciro22,renan26,0.29847861286469674,5.045485600077745e-17,0.43440649629630146,amplo
uf_MA,ciro22,zema26,4.1876461879305354e-17,0.0,9.014320501049319e-18,amplo
uf_MA,ciro22,outros26,0.0,0.0,0.025649701997993542,amplo
uf_MA,ciro22,bn26,7.920605089774962e-17,0.0,0.12487491512253608,amplo
uf_MA,ciro22,abst26,0.5111551201258651,0.0,0.889894353081027,amplo
uf_MA,tebet22,flavio26,4.56381351980617e-17,0.0,5.698805905391413e-17,amplo
uf_MA,tebet22,lula26,9.933324779040631e-17,0.0,0.27891512049213446,amplo
uf_MA,tebet22,caiado26,0.3248780295956324,0.09021389510418004,0.3108699207304509,amplo
uf_MA,tebet22,cury26,0.4638247152457379,0.3498354894401631,0.5661552163465337,amplo
uf_MA,tebet22,renan26,0.21129725515862952,0.0793056312089488,0.30400844998403254,amplo
uf_MA,tebet22,zema26,3.950561665994057e-18,0.0,3.0867733482518833e-19,amplo
uf_MA,tebet22,outros26,0.0,0.0,0.004934613042707228,amplo
uf_MA,tebet22,bn26,1.0324315187493216e-16,0.0,4.368334197447641e-18,amplo
uf_MA,tebet22,abst26,0.0,0.0,0.3457484531863528,amplo
uf_MA,outros22,flavio26,0.0,0.0,0.163079283882546,amplo
uf_MA,outros22,lula26,1.2576745200831851e-16,0.0,0.22407816104098263,amplo
uf_MA,outros22,caiado26,0.25621727081042545,0.0,0.5798813995509469,amplo
uf_MA,outros22,cury26,0.20880719069467804,0.0,0.27292499830589206,amplo
uf_MA,outros22,renan26,0.22245642562015533,0.0,0.3948271771623411,amplo
uf_MA,outros22,zema26,0.015239205250458776,0.0,1.127059452195616e-16,amplo
uf_MA,outros22,outros26,0.1376556072403561,0.0,0.2069092986321924,amplo
uf_MA,outros22,bn26,0.15962430038392625,0.0,0.3586827886994449,amplo
uf_MA,outros22,abst26,8.115253261054001e-17,0.0,1.0,amplo
uf_MA,bn22,flavio26,0.0,0.0,0.02256747875731833,amplo
uf_MA,bn22,lula26,1.2147087738337108e-17,0.0,1.28706523986393e-18,amplo
uf_MA,bn22,caiado26,0.0,0.0,0.04570252883185652,amplo
uf_MA,bn22,cury26,0.0,0.0,1.6542333751197265e-17,amplo
uf_MA,bn22,renan26,0.0,0.0,0.04525860895960453,amplo
uf_MA,bn22,zema26,5.430476455613089e-17,0.0,5.472706173624266e-18,amplo
uf_MA,bn22,outros26,0.0,0.0,3.063875400709686e-17,amplo
uf_MA,bn22,bn26,0.6494513594244818,0.28852698022941237,0.8395935727454236,amplo
uf_MA,bn22,abst26,0.3505486405755182,0.045812666169669836,0.7114730197705879,amplo
uf_MA,abst22,flavio26,0.19089539657904864,0.1349417227484061,0.20142509253590957,amplo
uf_MA,abst22,lula26,0.235914236837485,0.17762514919155847,0.3303439827657931,amplo
uf_MA,abst22,caiado26,0.01106743618206771,0.0017150654589338453,0.02101607256258363,amplo
uf_MA,abst22,cury26,0.01031905952446121,8.204110732341354e-05,0.02442975183277983,amplo
uf_MA,abst22,renan26,0.006562874138446146,0.0,0.01933293319832903,amplo
uf_MA,abst22,zema26,0.00026508938441611193,0.0,0.003902581815448084,amplo
uf_MA,abst22,outros26,0.0,0.0,0.002956020656523623,amplo
uf_MA,abst22,bn26,0.016606764356651624,0.011352321058042392,0.03190434190186057,amplo
uf_MA,abst22,abst26,0.5283691429974235,0.45776883384757255,0.5771383823154068,amplo
uf_MG,lula22,flavio26,0.04786935536029067,0.0214459428934964,0.07286340977199281,amplo
uf_MG,lula22,lula26,0.8415216910987994,0.8132891386904112,0.8662067157848433,amplo
uf_MG,lula22,caiado26,0.010462012366666322,0.007254716840453016,0.012493464442623448,amplo
uf_MG,lula22,cury26,0.018723938679641953,0.01498310416645858,0.02635716654641838,amplo
uf_MG,lula22,renan26,0.0024175475869909293,0.0003163766561768933,0.006342158725724277,amplo
uf_MG,lula22,zema26,0.0,0.0,0.0017562363721105503,amplo
uf_MG,lula22,outros26,0.003963365438253518,0.00289743694997791,0.004547900670209147,amplo
uf_MG,lula22,bn26,0.016338595344459285,0.011223099302211591,0.020795725631090944,amplo
uf_MG,lula22,abst26,0.05870349412489799,0.02983813142374479,0.08868338122121153,amplo
uf_MG,jair22,flavio26,0.9790114393179515,0.9550282738651301,0.9950519169186827,amplo
uf_MG,jair22,lula26,2.2751304963250507e-18,0.0,2.119987147612566e-18,amplo
uf_MG,jair22,caiado26,0.0054981922453709,0.0,0.011185951936626321,amplo
uf_MG,jair22,cury26,9.726479333321131e-18,0.0,0.006520362919626148,amplo
uf_MG,jair22,renan26,0.012049934356600608,0.0009267334829983462,0.017509043125575396,amplo
uf_MG,jair22,zema26,0.0008997743827992058,0.0,0.006360322273364845,amplo
uf_MG,jair22,outros26,7.292953675859526e-19,0.0,2.7773257428402857e-18,amplo
uf_MG,jair22,bn26,0.0002829381900827363,0.0,0.0035215487266212473,amplo
uf_MG,jair22,abst26,0.002257721507195154,0.0,0.020688733765817136,amplo
uf_MG,ciro22,flavio26,9.51556812945481e-18,0.0,4.348137755611544e-19,amplo
uf_MG,ciro22,lula26,0.13262392321875877,0.0,0.538409311192632,amplo
uf_MG,ciro22,caiado26,0.0,0.0,3.16869797786363e-17,amplo
uf_MG,ciro22,cury26,0.22302404056007546,0.0,0.46896052203658645,amplo
uf_MG,ciro22,renan26,0.46505500601726474,0.18486581386997908,0.5483274591039232,amplo
uf_MG,ciro22,zema26,0.014461489509767942,0.0,0.08979581930993351,amplo
uf_MG,ciro22,outros26,3.452252183124352e-17,0.0,3.140264703098304e-17,amplo
uf_MG,ciro22,bn26,0.0,0.0,0.05177324344851034,amplo
uf_MG,ciro22,abst26,0.1648355406941333,0.0,0.47604146584669815,amplo
uf_MG,tebet22,flavio26,0.0,0.0,0.03176571179793498,amplo
uf_MG,tebet22,lula26,1.9676575364717397e-17,0.0,2.7774210340468525e-19,amplo
uf_MG,tebet22,caiado26,0.2728356289883896,0.2170791084867679,0.35487410276871784,amplo
uf_MG,tebet22,cury26,0.26996334338974853,0.20419714466526276,0.356553710585284,amplo
uf_MG,tebet22,renan26,0.0011956269035883157,0.0,0.12271873077021656,amplo
uf_MG,tebet22,zema26,0.08913620138866714,0.0012395257562887328,0.14911649469755767,amplo
uf_MG,tebet22,outros26,1.8079071226195786e-17,0.0,8.255704558598568e-18,amplo
uf_MG,tebet22,bn26,0.0225015808648895,0.0,0.0740712021321435,amplo
uf_MG,tebet22,abst26,0.344367618464717,0.07796494639733623,0.48135373720731695,amplo
uf_MG,outros22,flavio26,0.0,0.0,4.678507074820326e-19,amplo
uf_MG,outros22,lula26,0.0,0.0,2.373280439088145e-19,amplo
uf_MG,outros22,caiado26,0.0078060173894355335,0.0,0.01387330972403037,amplo
uf_MG,outros22,cury26,0.0,0.0,4.673779836881258e-17,amplo
uf_MG,outros22,renan26,0.13821282662955356,0.0,0.2984930118168054,amplo
uf_MG,outros22,zema26,0.23012500568184552,0.0,0.520263897929879,amplo
uf_MG,outros22,outros26,6.158310691365028e-17,0.0,1.1713788034169191e-17,amplo
uf_MG,outros22,bn26,0.010449684815493661,0.0,0.10965457288287067,amplo
uf_MG,outros22,abst26,0.6134064654836718,0.1304358547384356,1.0,amplo
uf_MG,bn22,flavio26,6.591451576855355e-17,0.0,0.12526022395116893,amplo
uf_MG,bn22,lula26,0.0,0.0,2.365438146495681e-19,amplo
uf_MG,bn22,caiado26,0.0,0.0,1.9067505736082395e-19,amplo
uf_MG,bn22,cury26,0.14625937430395877,0.05334003603665434,0.1649398974618467,amplo
uf_MG,bn22,renan26,5.839423962547465e-17,0.0,0.011973823728927614,amplo
uf_MG,bn22,zema26,0.0,0.0,1.1367781858096856e-17,amplo
uf_MG,bn22,outros26,0.0,0.0,1.3783543811903882e-18,amplo
uf_MG,bn22,bn26,0.8537406256960414,0.7841034378913425,0.8888241152158856,amplo
uf_MG,bn22,abst26,0.0,0.0,0.06072416068090321,amplo
uf_MG,abst22,flavio26,0.09358085935318441,0.04934608546876139,0.13582997211430062,amplo
uf_MG,abst22,lula26,0.06778760830629418,0.024001435748163342,0.10080510495566757,amplo
uf_MG,abst22,caiado26,0.0,0.0,0.005332330231073386,amplo
uf_MG,abst22,cury26,7.928602271937125e-18,0.0,4.141511347318248e-19,amplo
uf_MG,abst22,renan26,0.0,0.0,0.003844669062988276,amplo
uf_MG,abst22,zema26,0.001240159539713241,0.0,0.004843313813760942,amplo
uf_MG,abst22,outros26,0.0,0.0,0.001308535445820327,amplo
uf_MG,abst22,bn26,5.629926906656365e-18,0.0,0.003261222745313681,amplo
uf_MG,abst22,abst26,0.8373913728008082,0.787220582541083,0.8864250419637552,amplo
uf_MT,lula22,flavio26,0.0,0.0,0.0005545138220753785,amplo
uf_MT,lula22,lula26,0.8248719335004889,0.8005051454756481,0.8633847617505074,amplo
uf_MT,lula22,caiado26,0.023588768291435306,0.014871380468573395,0.031000847531202434,amplo
uf_MT,lula22,cury26,0.006411649842570695,1.2842901064723097e-18,0.0149717313885556,amplo
uf_MT,lula22,renan26,0.0,0.0,0.0031550889259826013,amplo
uf_MT,lula22,zema26,0.0015780674867549595,0.0,0.003522745757477929,amplo
uf_MT,lula22,outros26,0.0014065435665035844,0.0,0.005905109562353771,amplo
uf_MT,lula22,bn26,0.025079501711013866,0.014383096999871678,0.03731810213497211,amplo
uf_MT,lula22,abst26,0.11706353560123277,0.07825516137917347,0.1361884988758249,amplo
uf_MT,jair22,flavio26,0.9061670152730348,0.8861382145733463,0.9437918546863586,amplo
uf_MT,jair22,lula26,0.0,0.0,2.6476185288360503e-18,amplo
uf_MT,jair22,caiado26,1.782157321023048e-18,0.0,8.035880979940355e-19,amplo
uf_MT,jair22,cury26,0.0,0.0,0.00023416946355100203,amplo
uf_MT,jair22,renan26,0.0020033953219104903,0.0,0.006968585415245965,amplo
uf_MT,jair22,zema26,7.318364664277155e-19,0.0,7.562041732977622e-19,amplo
uf_MT,jair22,outros26,1.2908782116155537e-18,0.0,7.518831885729381e-19,amplo
uf_MT,jair22,bn26,0.0,0.0,0.006439786296212663,amplo
uf_MT,jair22,abst26,0.09182958940505465,0.055375077125439015,0.10956122873037732,amplo
uf_MT,ciro22,flavio26,0.0,0.0,2.5751495662425253e-18,amplo
uf_MT,ciro22,lula26,0.0,0.0,6.410557103057359e-19,amplo
uf_MT,ciro22,caiado26,0.013021362014086102,0.0,0.06026127811005895,amplo
uf_MT,ciro22,cury26,0.4858445906423886,0.1555544331706326,0.5844485426306762,amplo
uf_MT,ciro22,renan26,0.5011340473435257,0.22142207824648444,0.6162291807746025,amplo
uf_MT,ciro22,zema26,0.0,0.0,4.0816167211756114e-17,amplo
uf_MT,ciro22,outros26,0.0,0.0,1.0935894151234537e-17,amplo
uf_MT,ciro22,bn26,0.0,0.0,0.017029156837192052,amplo
uf_MT,ciro22,abst26,1.3805959413887292e-16,0.0,0.5163142729523125,amplo
uf_MT,tebet22,flavio26,3.4071053270356977e-17,0.0,0.030346932918029,amplo
uf_MT,tebet22,lula26,0.5033697475948562,0.0,0.7451390625964992,amplo
uf_MT,tebet22,caiado26,0.22092084004294749,0.097217135467353,0.35993849083621,amplo
uf_MT,tebet22,cury26,0.2382039399910388,0.11050145362713891,0.37745016110003304,amplo
uf_MT,tebet22,renan26,0.0007129547651230687,0.0,0.11917262435144298,amplo
uf_MT,tebet22,zema26,1.5463433485074507e-17,0.0,0.03198267500020946,amplo
uf_MT,tebet22,outros26,0.03679251760603456,0.0,0.07724949922002536,amplo
uf_MT,tebet22,bn26,0.0,0.0,0.22120728966969924,amplo
uf_MT,tebet22,abst26,0.0,0.0,0.13844771620789306,amplo
uf_MT,outros22,flavio26,0.0,0.0,0.9999999999999997,amplo
uf_MT,outros22,lula26,0.0,0.0,3.481346980604559e-19,amplo
uf_MT,outros22,caiado26,0.14861418651265262,0.0,0.4483745249377947,amplo
uf_MT,outros22,cury26,0.24883736036181356,0.0,0.3951161761626417,amplo
uf_MT,outros22,renan26,0.25132355847526444,0.0,0.4594421608854329,amplo
uf_MT,outros22,zema26,0.03537173174854741,0.0,0.08113820009732586,amplo
uf_MT,outros22,outros26,0.04669015942502657,0.0,0.11794463038585774,amplo
uf_MT,outros22,bn26,0.26668239555585443,0.0,0.5686380278977728,amplo
uf_MT,outros22,abst26,0.002480607920841229,0.0,0.725796007280141,amplo
uf_MT,bn22,flavio26,0.0,0.0,1.8255568161057017e-17,amplo
uf_MT,bn22,lula26,0.0,0.0,2.6141421985737857e-19,amplo
uf_MT,bn22,caiado26,4.440485522685944e-17,0.0,0.10414477755482063,amplo
uf_MT,bn22,cury26,2.0708261494473135e-17,0.0,0.1279062240884126,amplo
uf_MT,bn22,renan26,0.16333211702396278,1.54816896920658e-17,0.2924325743262539,amplo
uf_MT,bn22,zema26,6.80336863234654e-18,0.0,0.019687240741955638,amplo
uf_MT,bn22,outros26,0.0,0.0,0.015197718460970958,amplo
uf_MT,bn22,bn26,0.5880509265206418,0.3036195001106458,0.7257133263603092,amplo
uf_MT,bn22,abst26,0.24861695645539564,0.0,0.6654004525687847,amplo
uf_MT,abst22,flavio26,0.3700330436958009,0.2859190989598499,0.4033911322877037,amplo
uf_MT,abst22,lula26,1.0015317568334847e-17,0.0,1.020075966114576e-18,amplo
uf_MT,abst22,caiado26,0.0,0.0,3.781546829281314e-18,amplo
uf_MT,abst22,cury26,9.622294280808852e-19,0.0,0.003174037529620752,amplo
uf_MT,abst22,renan26,0.0,0.0,0.0031884465817130308,amplo
uf_MT,abst22,zema26,5.827586677109586e-19,0.0,3.036308713441248e-19,amplo
uf_MT,abst22,outros26,0.0,0.0,2.9833823891276547e-19,amplo
uf_MT,abst22,bn26,0.006577402760335462,0.0,0.01766690407727441,amplo
uf_MT,abst22,abst26,0.6233895535438636,0.5938491075586898,0.699151379174903,amplo
uf_PA,lula22,flavio26,1.431146867680866e-17,0.0,4.283622079462343e-18,amplo
uf_PA,lula22,lula26,0.9462609219889253,0.9159416298156792,0.9682602716515413,amplo
uf_PA,lula22,caiado26,0.0,0.0,2.2075864623937717e-18,amplo
uf_PA,lula22,cury26,0.0,0.0,0.004489932619427957,amplo
uf_PA,lula22,renan26,5.686414519233289e-19,0.0,0.0025109433013605197,amplo
uf_PA,lula22,zema26,0.0,0.0,1.262093208624697e-18,amplo
uf_PA,lula22,outros26,0.0,0.0,0.0008229159003759601,amplo
uf_PA,lula22,bn26,0.019680530417848074,0.01281860148645544,0.02997723983294717,amplo
uf_PA,lula22,abst26,0.03405854759322658,0.004727404614741932,0.05758724956404458,amplo
uf_PA,jair22,flavio26,0.9245203775154917,0.8710804320928229,1.0,amplo
uf_PA,jair22,lula26,8.11711673353796e-18,0.0,5.5274015093251136e-18,amplo
uf_PA,jair22,caiado26,0.0,0.0,0.009350061954782753,amplo
uf_PA,jair22,cury26,0.0,0.0,0.008879404177598403,amplo
uf_PA,jair22,renan26,0.0,0.0,0.007714236406439828,amplo
uf_PA,jair22,zema26,2.050666765302661e-18,0.0,1.864121820740315e-18,amplo
uf_PA,jair22,outros26,0.0,0.0,0.001159462707315217,amplo
uf_PA,jair22,bn26,4.611247364852411e-18,0.0,4.534849625221504e-18,amplo
uf_PA,jair22,abst26,0.0754796224845084,9.29636050256793e-17,0.11569332849303686,amplo
uf_PA,ciro22,flavio26,2.5074093515580346e-17,0.0,1.4694433964645952e-18,amplo
uf_PA,ciro22,lula26,0.0,0.0,3.1057899254439246e-18,amplo
uf_PA,ciro22,caiado26,0.09057220480782543,0.0,0.13887652450761517,amplo
uf_PA,ciro22,cury26,0.6142096384766886,0.4475825684417432,0.6947452783727817,amplo
uf_PA,ciro22,renan26,0.29416479097413795,0.08560079246664103,0.3632668536755019,amplo
uf_PA,ciro22,zema26,0.0,0.0,1.200829555819112e-18,amplo
uf_PA,ciro22,outros26,8.478671576113781e-17,0.0,0.01360677043349282,amplo
uf_PA,ciro22,bn26,0.0,0.0,0.17953796820622203,amplo
uf_PA,ciro22,abst26,0.001053365741348317,0.0,0.3968336888063962,amplo
uf_PA,tebet22,flavio26,2.9325062732758e-17,0.0,7.222815864571569e-19,amplo
uf_PA,tebet22,lula26,0.2913852668751284,0.0,0.6183525041709571,amplo
uf_PA,tebet22,caiado26,0.11427626977226478,0.029786864518798906,0.21439554912944345,amplo
uf_PA,tebet22,cury26,0.14142616131815666,0.060595500186758355,0.26168635407284135,amplo
uf_PA,tebet22,renan26,0.03193296646738718,0.0,0.13560387596111062,amplo
uf_PA,tebet22,zema26,4.126377282119038e-19,0.0,7.625502675597758e-18,amplo
uf_PA,tebet22,outros26,0.015981199869255534,0.0,0.023917262207686113,amplo
uf_PA,tebet22,bn26,0.231021628025326,0.018664551478246198,0.37714344285608586,amplo
uf_PA,tebet22,abst26,0.1739765076724815,0.0,0.5726534018699987,amplo
uf_PA,outros22,flavio26,1.431086964801699e-17,0.0,4.104208574372475e-19,amplo
uf_PA,outros22,lula26,0.0,0.0,0.6317843179181217,amplo
uf_PA,outros22,caiado26,0.2778181716727044,0.0,0.45559338567716867,amplo
uf_PA,outros22,cury26,0.06754803855303444,0.0,0.15531314727380677,amplo
uf_PA,outros22,renan26,0.41231490873857907,0.0,0.847579052171407,amplo
uf_PA,outros22,zema26,0.0,0.0,6.596811544872216e-19,amplo
uf_PA,outros22,outros26,0.0,0.0,1.362212964073747e-16,amplo
uf_PA,outros22,bn26,0.0,0.0,1.6209304471366334e-16,amplo
uf_PA,outros22,abst26,0.24231888103568217,0.0,1.0,amplo
uf_PA,bn22,flavio26,0.0,0.0,5.965920815749182e-19,amplo
uf_PA,bn22,lula26,0.0,0.0,6.321605633313227e-19,amplo
uf_PA,bn22,caiado26,0.0,0.0,0.07973839432250833,amplo
uf_PA,bn22,cury26,9.709854068073034e-17,0.0,0.06980076267421305,amplo
uf_PA,bn22,renan26,0.2048420128848975,0.0,0.37105561561482525,amplo
uf_PA,bn22,zema26,0.0,0.0,4.742337411502272e-19,amplo
uf_PA,bn22,outros26,5.883844679876216e-17,0.0,4.1257288770517125e-17,amplo
uf_PA,bn22,bn26,0.4072275857878288,1.7847132119020644e-16,0.7934633408873105,amplo
uf_PA,bn22,abst26,0.38793040132727374,0.0,0.9999999999999998,amplo
uf_PA,abst22,flavio26,0.2883924715682503,0.21463471964810227,0.35194476485756676,amplo
uf_PA,abst22,lula26,0.0,0.0,1.907666066545789e-18,amplo
uf_PA,abst22,caiado26,0.0030228439939389822,0.0,0.009188236670748978,amplo
uf_PA,abst22,cury26,0.011454312620801273,5.338240277934631e-19,0.017338781871578265,amplo
uf_PA,abst22,renan26,0.0010645082218442264,0.0,0.009806997355742803,amplo
uf_PA,abst22,zema26,3.4543228843923663e-18,0.0,0.00037237121794342175,amplo
uf_PA,abst22,outros26,6.637191742123319e-19,0.0,0.0032841247941157396,amplo
uf_PA,abst22,bn26,0.041430685146122574,0.021334059248543657,0.05570210922671148,amplo
uf_PA,abst22,abst26,0.6546351784490426,0.6024658541436518,0.7324932347757669,amplo
uf_PB,lula22,flavio26,0.039931566103040626,0.021102628728876246,0.05502929102779015,amplo
uf_PB,lula22,lula26,0.9104310113896217,0.8918734329696058,0.9239180110498917,amplo
uf_PB,lula22,caiado26,0.0,0.0,0.001253948165446362,amplo
uf_PB,lula22,cury26,0.004291455308994757,0.0,0.0075868334286083,amplo
uf_PB,lula22,renan26,4.8018067204276134e-05,0.0,0.00566218943063726,amplo
uf_PB,lula22,zema26,0.0,0.0,0.0006518206630962311,amplo
uf_PB,lula22,outros26,0.0,0.0,0.0008469092935537747,amplo
uf_PB,lula22,bn26,0.02671163216037594,0.01853319901655199,0.03213661273296845,amplo
uf_PB,lula22,abst26,0.018586316970762826,0.008361342352037943,0.03692697530651281,amplo
uf_PB,jair22,flavio26,0.9294224898995166,0.8940769054015751,0.9587724016077399,amplo
uf_PB,jair22,lula26,7.763056961585663e-19,0.0,1.6170626586693047e-18,amplo
uf_PB,jair22,caiado26,0.0,0.0,0.013590146145896308,amplo
uf_PB,jair22,cury26,0.022733264332262006,0.009581964443672285,0.03397539961558385,amplo
uf_PB,jair22,renan26,0.003123652814705954,0.0,0.019562795763320037,amplo
uf_PB,jair22,zema26,3.4622471719019526e-20,0.0,7.916342160509027e-09,amplo
uf_PB,jair22,outros26,1.5750577654193715e-18,0.0,0.0007187610792865598,amplo
uf_PB,jair22,bn26,0.0,0.0,1.0404158630683781e-18,amplo
uf_PB,jair22,abst26,0.044720592953515305,0.022284086306565157,0.05978611639881316,amplo
uf_PB,ciro22,flavio26,0.0,0.0,0.35869491665896797,amplo
uf_PB,ciro22,lula26,0.37665983520301693,0.0,0.5284241409751543,amplo
uf_PB,ciro22,caiado26,0.030337991734354645,1.845069617845565e-18,0.0793957146158305,amplo
uf_PB,ciro22,cury26,0.2728169328432039,0.17696656118538476,0.40248393841295765,amplo
uf_PB,ciro22,renan26,0.3201852402194245,0.19529476618746336,0.35653281161957096,amplo
uf_PB,ciro22,zema26,2.2230659287736155e-17,0.0,0.009125086617295207,amplo
uf_PB,ciro22,outros26,0.0,0.0,0.0156994259119144,amplo
uf_PB,ciro22,bn26,1.2834372256972717e-17,0.0,2.1331949389765464e-17,amplo
uf_PB,ciro22,abst26,1.80562592392628e-17,0.0,1.3309941552186633e-18,amplo
uf_PB,tebet22,flavio26,5.691383779191095e-17,0.0,0.4994125717172225,amplo
uf_PB,tebet22,lula26,5.650217977954536e-17,0.0,0.114029457937366,amplo
uf_PB,tebet22,caiado26,0.25699131992202534,0.04185582832125475,0.279557040517217,amplo
uf_PB,tebet22,cury26,0.32177830006194647,0.16080501457583796,0.42567334304895477,amplo
uf_PB,tebet22,renan26,0.20606140479867138,0.007977877346242368,0.2632335266236769,amplo
uf_PB,tebet22,zema26,0.022273295222441203,0.0,0.03546930199713272,amplo
uf_PB,tebet22,outros26,0.04646431909287911,0.0,0.06490831299123768,amplo
uf_PB,tebet22,bn26,0.14643136090203623,0.07315593038437922,0.25093534592213107,amplo
uf_PB,tebet22,abst26,0.0,0.0,0.03944144966752151,amplo
uf_PB,outros22,flavio26,0.13969744567702144,0.0,0.7146320229860165,amplo
uf_PB,outros22,lula26,0.20429210940906642,0.0,0.5480365780135142,amplo
uf_PB,outros22,caiado26,0.1143018993304042,0.0,0.24233653650777687,amplo
uf_PB,outros22,cury26,0.15773763534125676,0.015708038420973187,0.4578928336332372,amplo
uf_PB,outros22,renan26,0.10263927161469259,0.0,0.22574715266804218,amplo
uf_PB,outros22,zema26,0.041286959630134845,0.0,0.09919015788244313,amplo
uf_PB,outros22,outros26,0.05326354949434024,0.0,0.1376240636217419,amplo
uf_PB,outros22,bn26,0.0419409342036993,0.0,0.20683430241769768,amplo
uf_PB,outros22,abst26,0.14484019529938427,0.0,0.6958440371820872,amplo
uf_PB,bn22,flavio26,0.18764684337449977,0.0,0.273190402359744,amplo
uf_PB,bn22,lula26,0.014183089632776162,0.0,0.20776817823468194,amplo
uf_PB,bn22,caiado26,1.1101018592090298e-17,0.0,0.031223147295312333,amplo
uf_PB,bn22,cury26,1.7041750342107337e-17,0.0,0.07384605313196047,amplo
uf_PB,bn22,renan26,0.0,0.0,0.022842639755823253,amplo
uf_PB,bn22,zema26,1.2198200882747984e-18,0.0,0.0004938786361950824,amplo
uf_PB,bn22,outros26,0.0,0.0,0.008094650711108061,amplo
uf_PB,bn22,bn26,0.7981700669927241,0.7250225245488048,0.8868489250769722,amplo
uf_PB,bn22,abst26,3.1677675651106246e-18,0.0,1.0348625033079418e-19,amplo
uf_PB,abst22,flavio26,0.06645857903987384,0.024470959035669832,0.10589062906860519,amplo
uf_PB,abst22,lula26,0.03150909192707327,0.0,0.09283232566111757,amplo
uf_PB,abst22,caiado26,0.0,0.0,0.003754598751995596,amplo
uf_PB,abst22,cury26,0.010284181172873384,0.0,0.021602142524031,amplo
uf_PB,abst22,renan26,0.0,0.0,0.005425633338830463,amplo
uf_PB,abst22,zema26,4.137674883637227e-18,0.0,0.0016206134386544172,amplo
uf_PB,abst22,outros26,6.271610612483151e-18,0.0,0.0032378408761392775,amplo
uf_PB,abst22,bn26,0.005564787260986539,0.0,0.022728288272760022,amplo
uf_PB,abst22,abst26,0.886183360599193,0.8400000078099662,0.9169444044725039,amplo
uf_PE,lula22,flavio26,0.028978064941537866,1.4473463727971047e-18,0.04715846398596709,amplo
uf_PE,lula22,lula26,0.8557522396926541,0.8150030150097679,0.8831207246838702,amplo
uf_PE,lula22,caiado26,0.006883222440480478,0.004745656208900247,0.01006471501460138,amplo
uf_PE,lula22,cury26,0.01183982816721276,0.007375242325989394,0.015980229351746835,amplo
uf_PE,lula22,renan26,0.007207784899191483,0.003912103648849353,0.011288792737317657,amplo
uf_PE,lula22,zema26,0.00031263980191170086,0.0,0.0010920988737381056,amplo
uf_PE,lula22,outros26,0.0006804088084970537,3.2768870171701013e-06,0.0013660807609504934,amplo
uf_PE,lula22,bn26,0.0012321313031045463,1.1527059620946972e-19,0.013220325239221798,amplo
uf_PE,lula22,abst26,0.08711367994540997,0.052235104029204865,0.13160418239784877,amplo
uf_PE,jair22,flavio26,0.8579336532159726,0.8185059725099976,0.8966032548681844,amplo
uf_PE,jair22,lula26,3.140120542061142e-17,0.0,6.7233557825665475e-18,amplo
uf_PE,jair22,caiado26,0.01895810744218862,0.009046047944399753,0.024964951191697077,amplo
uf_PE,jair22,cury26,0.032755611916286786,0.02444256934578236,0.04585720826442331,amplo
uf_PE,jair22,renan26,0.022113029291904465,0.009676392588908596,0.030400823040081397,amplo
uf_PE,jair22,zema26,0.002523684459309025,0.0,0.004197847098308232,amplo
uf_PE,jair22,outros26,0.001307111129316036,0.0,0.003256015258703299,amplo
uf_PE,jair22,bn26,0.009501261464213857,0.0038034240848048508,0.02731469664318864,amplo
uf_PE,jair22,abst26,0.054907541080808656,0.003678222071754932,0.08655902548602791,amplo
uf_PE,ciro22,flavio26,0.6334602965895119,0.1406504714272439,1.0,amplo
uf_PE,ciro22,lula26,0.0,0.0,8.214604931811042e-19,amplo
uf_PE,ciro22,caiado26,0.0,0.0,0.09287615594346105,amplo
uf_PE,ciro22,cury26,0.22951227585704834,8.222402928881672e-18,0.36646345520750684,amplo
uf_PE,ciro22,renan26,0.13702742755343977,0.0,0.33116233592436894,amplo
uf_PE,ciro22,zema26,0.0,0.0,0.015543633420371655,amplo
uf_PE,ciro22,outros26,9.260441805741815e-17,0.0,0.012868167691313227,amplo
uf_PE,ciro22,bn26,0.0,0.0,0.043971269056553096,amplo
uf_PE,ciro22,abst26,0.0,0.0,0.1209993764341941,amplo
uf_PE,tebet22,flavio26,2.0369448315571415e-17,0.0,1.8793543517204815e-19,amplo
uf_PE,tebet22,lula26,0.6079304817586532,0.0,0.8842622584595304,amplo
uf_PE,tebet22,caiado26,0.000160485158306952,0.0,0.0823916259932901,amplo
uf_PE,tebet22,cury26,6.300231061677486e-18,0.0,0.19642460776841536,amplo
uf_PE,tebet22,renan26,0.0,0.0,0.2598433939644374,amplo
uf_PE,tebet22,zema26,2.3723698786698444e-17,0.0,1.0141183487923334e-16,amplo
uf_PE,tebet22,outros26,2.7901265282556653e-18,0.0,2.2310217849923765e-17,amplo
uf_PE,tebet22,bn26,0.0,0.0,0.08982938084277631,amplo
uf_PE,tebet22,abst26,0.39190903308303987,0.05917419648529931,1.0,amplo
uf_PE,outros22,flavio26,0.26220104615084205,0.0,0.9062854807234505,amplo
uf_PE,outros22,lula26,0.0,0.0,0.3807399105741634,amplo
uf_PE,outros22,caiado26,0.061527036493109914,0.0,0.240850225865358,amplo
uf_PE,outros22,cury26,0.14648329323409381,0.0,0.5147235643555984,amplo
uf_PE,outros22,renan26,0.09999462588235844,0.0,0.23164863410446812,amplo
uf_PE,outros22,zema26,0.013980764181141981,0.0,0.0638700616023301,amplo
uf_PE,outros22,outros26,0.033143626606011535,0.0,0.03869546753161977,amplo
uf_PE,outros22,bn26,0.13446128636683585,0.0,0.4504894533251927,amplo
uf_PE,outros22,abst26,0.24820832108560656,0.0,0.9913721073959917,amplo
uf_PE,bn22,flavio26,0.02118817543379943,0.0,0.2673903820928443,amplo
uf_PE,bn22,lula26,0.0,0.0,0.3040195669969437,amplo
uf_PE,bn22,caiado26,0.046150009293533294,0.0,0.08732264307771895,amplo
uf_PE,bn22,cury26,0.01031288185913868,0.0,0.04816875255320803,amplo
uf_PE,bn22,renan26,0.0,0.0,3.4915679836329055e-19,amplo
uf_PE,bn22,zema26,0.0,0.0,7.087908175152948e-18,amplo
uf_PE,bn22,outros26,2.1473979278791022e-17,0.0,1.0955201870220509e-17,amplo
uf_PE,bn22,bn26,0.9223489334135286,0.641804269018597,0.9179762621187998,amplo
uf_PE,bn22,abst26,0.0,0.0,0.11177016781879258,amplo
uf_PE,abst22,flavio26,0.0677606157665481,0.01602071696228598,0.10942682237673232,amplo
uf_PE,abst22,lula26,0.27337612762031704,0.20066478490074793,0.35615980651224133,amplo
uf_PE,abst22,caiado26,0.0,0.0,0.004379973364368458,amplo
uf_PE,abst22,cury26,0.0,0.0,0.0059702919955115195,amplo
uf_PE,abst22,renan26,3.63207727782644e-18,0.0,0.0019358424394738455,amplo
uf_PE,abst22,zema26,2.846030702774449e-19,0.0,1.3868216449247826e-18,amplo
uf_PE,abst22,outros26,1.7618285302889447e-19,0.0,0.00039378453405665285,amplo
uf_PE,abst22,bn26,0.009383586471870986,0.0024408671364953465,0.02470847832458057,amplo
uf_PE,abst22,abst26,0.6494796701412638,0.5380506608266116,0.7331699499594917,amplo
uf_PI,lula22,flavio26,0.05304437389132832,0.0357405629603408,0.06038211051692098,amplo
uf_PI,lula22,lula26,0.9046455733767593,0.8866053843739136,0.9250580868770346,amplo
uf_PI,lula22,caiado26,0.00469804853409121,0.0034188986865653494,0.008811451184187444,amplo
uf_PI,lula22,cury26,0.005648323803561634,0.0025234863681281874,0.009053332671253593,amplo
uf_PI,lula22,renan26,0.0003033226752320583,0.0,0.0068035961796112975,amplo
uf_PI,lula22,zema26,0.00019235177256067982,0.0,0.0007575610351589622,amplo
uf_PI,lula22,outros26,0.0,0.0,0.0012763703995295405,amplo
uf_PI,lula22,bn26,0.01401009521509223,0.008185665657454308,0.019799156374212402,amplo
uf_PI,lula22,abst26,0.017457910731374524,0.006714236659389392,0.029668987529684936,amplo
uf_PI,jair22,flavio26,0.9820791379308137,0.9534709738125665,1.0,amplo
uf_PI,jair22,lula26,3.28593991090893e-17,0.0,0.0005774065178291472,amplo
uf_PI,jair22,caiado26,0.0,0.0,0.0036727893716656593,amplo
uf_PI,jair22,cury26,0.003590149119541485,0.0,0.01677415095201803,amplo
uf_PI,jair22,renan26,0.014330712949644784,0.0,0.026387415028774133,amplo
uf_PI,jair22,zema26,3.5110839152670834e-19,0.0,0.0026965614159149913,amplo
uf_PI,jair22,outros26,3.757385214460873e-18,0.0,0.0042714945211694616,amplo
uf_PI,jair22,bn26,0.0,0.0,0.008168297967163146,amplo
uf_PI,jair22,abst26,0.0,0.0,6.085561149107726e-19,amplo
uf_PI,ciro22,flavio26,5.218421757267975e-17,0.0,0.14605025984411824,amplo
uf_PI,ciro22,lula26,0.014879469993463127,0.0,0.34903319940384947,amplo
uf_PI,ciro22,caiado26,0.093733802688142,0.0,0.13308669602051532,amplo
uf_PI,ciro22,cury26,0.4635759515284934,0.27870395894291583,0.5831112516452371,amplo
uf_PI,ciro22,renan26,0.3413003973216728,0.20219467717311648,0.3914147153079337,amplo
uf_PI,ciro22,zema26,0.015861199776512888,0.0,0.022002505656733482,amplo
uf_PI,ciro22,outros26,0.031312492113043884,0.0,0.038644463687602444,amplo
uf_PI,ciro22,bn26,0.039336686578671926,0.0,0.24913835296966838,amplo
uf_PI,ciro22,abst26,2.0811811272274973e-17,0.0,0.05047978090705956,amplo
uf_PI,tebet22,flavio26,3.4489699304537415e-17,0.0,0.5569769745237225,amplo
uf_PI,tebet22,lula26,0.5603698409571258,1.2009055778648148e-17,0.7606530111679077,amplo
uf_PI,tebet22,caiado26,0.17080547862512038,0.04491152655379977,0.26956098398809936,amplo
uf_PI,tebet22,cury26,0.1673513497902083,0.022593599696089598,0.33967349451693074,amplo
uf_PI,tebet22,renan26,0.1014733306275453,1.96087270330256e-17,0.21303980696067149,amplo
uf_PI,tebet22,zema26,1.083492782392179e-17,0.0,0.003147248794173246,amplo
uf_PI,tebet22,outros26,4.0804965201028665e-17,0.0,0.019759216534014797,amplo
uf_PI,tebet22,bn26,4.1705996498670427e-17,0.0,3.348427119614755e-19,amplo
uf_PI,tebet22,abst26,4.640999397124718e-18,0.0,1.6345542860768012e-17,amplo
uf_PI,outros22,flavio26,0.0,0.0,1.0917381187381117e-17,amplo
uf_PI,outros22,lula26,0.5890689582546788,0.0,1.0,amplo
uf_PI,outros22,caiado26,0.03849373323499429,0.0,0.16329536037509032,amplo
uf_PI,outros22,cury26,0.05135700598019442,0.0,0.30763808225501604,amplo
uf_PI,outros22,renan26,0.0,0.0,0.0034242875651573014,amplo
uf_PI,outros22,zema26,2.235108189567285e-17,0.0,0.04207536224640875,amplo
uf_PI,outros22,outros26,0.047233674942257,0.0,0.07590743776457935,amplo
uf_PI,outros22,bn26,0.06724780883819785,0.0,0.40132968257394397,amplo
uf_PI,outros22,abst26,0.2065988187496774,0.0,0.699371092145455,amplo
uf_PI,bn22,flavio26,0.08998315005028296,0.0,0.3417769155466122,amplo
uf_PI,bn22,lula26,7.126438909830151e-18,0.0,2.6555660801614714e-18,amplo
uf_PI,bn22,caiado26,2.571985104091141e-17,0.0,5.455569806675504e-18,amplo
uf_PI,bn22,cury26,0.0,0.0,0.01526420518724545,amplo
uf_PI,bn22,renan26,0.0,0.0,1.404163574354897e-18,amplo
uf_PI,bn22,zema26,0.0,0.0,5.82777237915715e-19,amplo
uf_PI,bn22,outros26,0.0,0.0,3.118895749287522e-18,amplo
uf_PI,bn22,bn26,0.9100168499497171,0.6582230844533878,0.9938472935840726,amplo
uf_PI,bn22,abst26,4.939088820109228e-18,0.0,6.517839119783042e-19,amplo
uf_PI,abst22,flavio26,0.015128953455011314,0.0,0.0485835980812082,amplo
uf_PI,abst22,lula26,0.08180129199303018,0.02661845271508487,0.13601648351942702,amplo
uf_PI,abst22,caiado26,3.442130139404663e-19,0.0,0.0054876786691527004,amplo
uf_PI,abst22,cury26,3.06880036790233e-18,0.0,1.649713504039273e-19,amplo
uf_PI,abst22,renan26,3.36377959178364e-19,0.0,0.003333124874185916,amplo
uf_PI,abst22,zema26,2.4426312616445886e-19,0.0,1.628338123035137e-19,amplo
uf_PI,abst22,outros26,2.4930297220062195e-18,0.0,9.804489082529801e-19,amplo
uf_PI,abst22,bn26,0.0,0.0,0.0200568739544421,amplo
uf_PI,abst22,abst26,0.9030697545519586,0.8598968091516448,0.9316334589498845,amplo
uf_PR,lula22,flavio26,0.1862427673267632,0.15781448385149466,0.20385151340670166,amplo
uf_PR,lula22,lula26,0.7120745398152555,0.694731933534667,0.7339331629059459,amplo
uf_PR,lula22,caiado26,0.01309716449036554,0.008111079248395598,0.015022117373883313,amplo
uf_PR,lula22,cury26,0.014201135931064807,0.010067066680183617,0.018613944359976157,amplo
uf_PR,lula22,renan26,0.0006736915173199859,0.0,0.007314056461889103,amplo
uf_PR,lula22,zema26,0.0,0.0,7.031809447754092e-19,amplo
uf_PR,lula22,outros26,2.862971361719535e-19,0.0,0.0004969409494443395,amplo
uf_PR,lula22,bn26,0.027289623293570018,0.022058448667724006,0.03419023147315661,amplo
uf_PR,lula22,abst26,0.04642107762566113,0.030107386611411293,0.06742720878327535,amplo
uf_PR,jair22,flavio26,0.9496391237780889,0.9225096108704393,0.9693139811913053,amplo
uf_PR,jair22,lula26,0.0,0.0,7.024092845255704e-18,amplo
uf_PR,jair22,caiado26,0.006427285362483152,1.5314865229615085e-18,0.010990102286454823,amplo
uf_PR,jair22,cury26,0.005646231960234022,3.5062928851591766e-19,0.010450733537313326,amplo
uf_PR,jair22,renan26,0.01047536409889769,0.005979989861843299,0.01580339197877316,amplo
uf_PR,jair22,zema26,0.0020834509859791166,0.00036304974356066427,0.004185897623458488,amplo
uf_PR,jair22,outros26,0.0009071334734497184,0.0,0.0038008271615576727,amplo
uf_PR,jair22,bn26,0.003087411948151039,0.0,0.01038457411185154,amplo
uf_PR,jair22,abst26,0.021733998392716235,0.003274160111782044,0.040125952960035786,amplo
uf_PR,ciro22,flavio26,1.622703368702426e-17,0.0,1.8597931845948252e-19,amplo
uf_PR,ciro22,lula26,0.4878854454723466,1.578742027867683e-17,0.8617750251222112,amplo
uf_PR,ciro22,caiado26,5.33690049076517e-17,0.0,2.294158628263976e-17,amplo
uf_PR,ciro22,cury26,0.17205686979431048,0.0,0.49503200229975475,amplo
uf_PR,ciro22,renan26,0.33840604785205974,0.08731460101039444,0.49383487932126563,amplo
uf_PR,ciro22,zema26,4.2244921211360975e-17,0.0,2.5545666656242468e-18,amplo
uf_PR,ciro22,outros26,4.421639039609536e-17,0.0,6.504376589877613e-18,amplo
uf_PR,ciro22,bn26,0.0,0.0,0.04140891057017572,amplo
uf_PR,ciro22,abst26,0.0016516368812831302,0.0,0.39176015851889084,amplo
uf_PR,tebet22,flavio26,0.0,0.0,1.9706552390116329e-19,amplo
uf_PR,tebet22,lula26,0.043647911707609746,0.0,0.24122424914251933,amplo
uf_PR,tebet22,caiado26,0.3514333333804458,0.3176719130556504,0.4617916450328791,amplo
uf_PR,tebet22,cury26,0.2671866953094793,0.12509696775700402,0.42135944927389585,amplo
uf_PR,tebet22,renan26,0.10238536299745549,0.0,0.12931501567443837,amplo
uf_PR,tebet22,zema26,0.015131409554258204,0.0,0.03746560141109473,amplo
uf_PR,tebet22,outros26,0.005977830843683555,0.0,0.015704720883733373,amplo
uf_PR,tebet22,bn26,0.11114138146255217,0.044976645521140536,0.2537480876517281,amplo
uf_PR,tebet22,abst26,0.1030960747445158,0.0,0.3132641683296717,amplo
uf_PR,outros22,flavio26,0.0,0.0,1.3589253975266167e-19,amplo
uf_PR,outros22,lula26,0.4075926879077447,0.0,0.7337623205309752,amplo
uf_PR,outros22,caiado26,0.05908433287228463,0.0,0.10882426278008925,amplo
uf_PR,outros22,cury26,0.1553107310889529,0.0,0.33232977205936987,amplo
uf_PR,outros22,renan26,0.3600806518874306,0.26623767946902527,1.0,amplo
uf_PR,outros22,zema26,0.017931596243587145,0.0,3.074511090502502e-17,amplo
uf_PR,outros22,outros26,4.1017570470789494e-17,0.0,2.293778307161939e-17,amplo
uf_PR,outros22,bn26,2.806220154253497e-17,0.0,0.15135580612500849,amplo
uf_PR,outros22,abst26,5.0070658611043456e-17,0.0,2.0485482564922397e-17,amplo
uf_PR,bn22,flavio26,0.0,0.0,1.0064893294179718e-19,amplo
uf_PR,bn22,lula26,0.0,0.0,1.1000277919648698e-19,amplo
uf_PR,bn22,caiado26,4.7794257565297524e-17,0.0,0.04215172868298626,amplo
uf_PR,bn22,cury26,5.748685558072848e-17,0.0,1.2060425679921152e-19,amplo
uf_PR,bn22,renan26,2.326968912697014e-17,0.0,8.320394714711644e-20,amplo
uf_PR,bn22,zema26,1.2040414526542269e-17,0.0,9.231046122877404e-20,amplo
uf_PR,bn22,outros26,0.0,0.0,9.008096132375982e-20,amplo
uf_PR,bn22,bn26,0.4194049384412708,0.27017420021124233,0.5310083440442384,amplo
uf_PR,bn22,abst26,0.5805950615587291,0.4325874069936299,0.7298257997887577,amplo
uf_PR,abst22,flavio26,0.0001760346601674117,0.0,0.06056971087639591,amplo
uf_PR,abst22,lula26,0.12413796815905079,0.08116992392642744,0.18175187399252754,amplo
uf_PR,abst22,caiado26,1.5837822047760908e-17,0.0,0.006824175057816292,amplo
uf_PR,abst22,cury26,0.01232904353240002,0.0,0.021157084153528575,amplo
uf_PR,abst22,renan26,0.006842930795963742,0.0,0.017145115410375448,amplo
uf_PR,abst22,zema26,0.0017700877540796688,0.0,0.004770982664734556,amplo
uf_PR,abst22,outros26,0.00541337563930355,0.0,0.007812969425776566,amplo
uf_PR,abst22,bn26,0.01897887230868608,0.0,0.03223479842543265,amplo
uf_PR,abst22,abst26,0.8303516871503488,0.7714689137223177,0.8689421232626139,amplo
uf_RN,lula22,flavio26,0.055922258013784844,0.020839952947719287,0.0673030483001773,amplo
uf_RN,lula22,lula26,0.8811379307819147,0.8722560068336209,0.9020219118818427,amplo
uf_RN,lula22,caiado26,0.0,0.0,0.001916531381415862,amplo
uf_RN,lula22,cury26,0.006795795673822337,0.0,0.013001359509593285,amplo
uf_RN,lula22,renan26,0.0,0.0,0.004108641465436977,amplo
uf_RN,lula22,zema26,0.0,0.0,0.00015773138850953944,amplo
uf_RN,lula22,outros26,2.9773208095988657e-19,0.0,2.4970372677293888e-05,amplo
uf_RN,lula22,bn26,0.01643156819345768,0.005180180653489475,0.02458773322896436,amplo
uf_RN,lula22,abst26,0.03971244733702053,0.022357836005259514,0.08153132269551547,amplo
uf_RN,jair22,flavio26,0.9570585720516356,0.936970610861795,0.9794051228206578,amplo
uf_RN,jair22,lula26,3.482999479109683e-18,0.0,9.110257901109955e-19,amplo
uf_RN,jair22,caiado26,0.0,0.0,0.0072220188797441865,amplo
uf_RN,jair22,cury26,0.015479905559456957,2.6108811217268546e-18,0.028580110970685465,amplo
uf_RN,jair22,renan26,0.0016439408155533037,0.0,0.015476149540842742,amplo
uf_RN,jair22,zema26,5.495126245312273e-20,0.0,0.0010572007914439999,amplo
uf_RN,jair22,outros26,1.581834028997406e-19,0.0,0.0025123951663085053,amplo
uf_RN,jair22,bn26,0.0036442722923016035,0.0,0.01249220318853503,amplo
uf_RN,jair22,abst26,0.022173309281052607,0.0,0.04452710814560923,amplo
uf_RN,ciro22,flavio26,0.04439013826460751,0.0,0.2980879085044532,amplo
uf_RN,ciro22,lula26,6.525012430055096e-18,0.0,0.0722845076269292,amplo
uf_RN,ciro22,caiado26,0.0456934069418309,0.0,0.05514207331209314,amplo
uf_RN,ciro22,cury26,0.3804260879555614,0.15801986699018952,0.43214219266159665,amplo
uf_RN,ciro22,renan26,0.35631308614756063,0.17969904967143088,0.39390973090337256,amplo
uf_RN,ciro22,zema26,0.006498741165610325,0.0,0.010411532491821232,amplo
uf_RN,ciro22,outros26,0.01715733716531645,0.0,0.020115502066377983,amplo
uf_RN,ciro22,bn26,0.14952120235951288,0.0,0.1838252990875075,amplo
uf_RN,ciro22,abst26,5.069947469526137e-17,0.0,0.5695777977323376,amplo
uf_RN,tebet22,flavio26,0.0,0.0,0.2529956732785734,amplo
uf_RN,tebet22,lula26,1.907369966450915e-17,0.0,0.10372191775262536,amplo
uf_RN,tebet22,caiado26,0.24447995451396573,0.09248008812508131,0.2863261266206722,amplo
uf_RN,tebet22,cury26,0.23748095855119447,0.025872442470396585,0.5466594470780415,amplo
uf_RN,tebet22,renan26,0.15117316402599978,0.0,0.2700884978161426,amplo
uf_RN,tebet22,zema26,0.006853458680028483,0.0,0.04011030247336558,amplo
uf_RN,tebet22,outros26,0.02245674542692038,0.0,0.06042874825487708,amplo
uf_RN,tebet22,bn26,0.03576408173592072,0.0,0.280560789015573,amplo
uf_RN,tebet22,abst26,0.3017916370659704,0.0,0.6685657657566277,amplo
uf_RN,outros22,flavio26,0.0,0.0,1.699636989021376e-17,amplo
uf_RN,outros22,lula26,0.0,0.0,0.6485967668283743,amplo
uf_RN,outros22,caiado26,0.17891332215673159,0.0,0.3184137013827908,amplo
uf_RN,outros22,cury26,0.0016094214018216736,0.0,0.5980427296119557,amplo
uf_RN,outros22,renan26,0.18787191421028968,0.0,0.6493749877033922,amplo
uf_RN,outros22,zema26,0.07248371275160968,0.0,0.0946850433503102,amplo
uf_RN,outros22,outros26,0.07350442057077493,0.0,0.10909624606117868,amplo
uf_RN,outros22,bn26,1.842013963031957e-16,0.0,0.3077431287640186,amplo
uf_RN,outros22,abst26,0.4856172089087724,0.0,1.0,amplo
uf_RN,bn22,flavio26,0.2786856741893341,0.0012371456454466502,0.4462333638236601,amplo
uf_RN,bn22,lula26,4.657325957183045e-17,0.0,1.027437730129666e-19,amplo
uf_RN,bn22,caiado26,2.8045260883589884e-18,0.0,1.8043125265496684e-19,amplo
uf_RN,bn22,cury26,0.004302621386877022,0.0,0.16370801560877207,amplo
uf_RN,bn22,renan26,0.0,0.0,1.2194627462501758e-19,amplo
uf_RN,bn22,zema26,6.704371656636194e-18,0.0,1.1100565297114648e-19,amplo
uf_RN,bn22,outros26,8.605642985866878e-18,0.0,1.5741065077149383e-19,amplo
uf_RN,bn22,bn26,0.7170117044237889,0.5537431673951321,0.8144386137526466,amplo
uf_RN,bn22,abst26,0.0,0.0,0.12737215165205912,amplo
uf_RN,abst22,flavio26,4.710032582325944e-18,0.0,0.10610617936611672,amplo
uf_RN,abst22,lula26,0.15705842508091059,0.08462530511490678,0.1792153094107248,amplo
uf_RN,abst22,caiado26,0.002758405922607061,0.0,0.018270230762000985,amplo
uf_RN,abst22,cury26,1.2018868125946488e-17,0.0,0.009249570846390363,amplo
uf_RN,abst22,renan26,0.0,0.0,0.010929591942387835,amplo
uf_RN,abst22,zema26,7.71138795180315e-18,0.0,0.0026022528501864783,amplo
uf_RN,abst22,outros26,0.0,0.0,0.005141183850781336,amplo
uf_RN,abst22,bn26,0.0,0.0,0.03765895436319809,amplo
uf_RN,abst22,abst26,0.8401831689964823,0.7196426611757037,0.8775029993611564,amplo
uf_RS,lula22,flavio26,0.07821059023496273,0.041525100354830626,0.12165712700076332,amplo
uf_RS,lula22,lula26,0.7119805690055557,0.6932550937521452,0.7442073485926554,amplo
uf_RS,lula22,caiado26,0.01200325807042387,0.007253986458142819,0.019541070345002326,amplo
uf_RS,lula22,cury26,0.018693442162546228,0.003863688189493384,0.026622314631185435,amplo
uf_RS,lula22,renan26,0.015954582004300367,0.005114786948750583,0.02219103244921662,amplo
uf_RS,lula22,zema26,0.005757902043305831,0.0004920885978910555,0.007367399650897155,amplo
uf_RS,lula22,outros26,0.0050159430866247795,0.0021288813952661948,0.005624926882890347,amplo
uf_RS,lula22,bn26,0.05206996966711613,0.04392725362824599,0.0634234037442856,amplo
uf_RS,lula22,abst26,0.10031374372516447,0.08390402681069692,0.11711188384874847,amplo
uf_RS,jair22,flavio26,1.0,1.0,1.0,amplo
uf_RS,jair22,lula26,7.62668465707772e-18,0.0,4.602348224950326e-18,amplo
uf_RS,jair22,caiado26,0.0,0.0,9.692219497582657e-17,amplo
uf_RS,jair22,cury26,0.0,0.0,1.0877018454442213e-16,amplo
uf_RS,jair22,renan26,2.392021043046144e-18,0.0,1.5873582720002803e-18,amplo
uf_RS,jair22,zema26,1.5246593050577406e-19,0.0,9.983499238892384e-19,amplo
uf_RS,jair22,outros26,2.1277467635028025e-18,0.0,8.819624684166997e-19,amplo
uf_RS,jair22,bn26,5.346471963069144e-18,0.0,1.2422135218178342e-18,amplo
uf_RS,jair22,abst26,2.859583229930518e-18,0.0,1.0815247542787931e-18,amplo
uf_RS,ciro22,flavio26,0.0,0.0,1.2631254542042718e-18,amplo
uf_RS,ciro22,lula26,0.9710320523363573,0.12158278401091631,1.0,amplo
uf_RS,ciro22,caiado26,0.0,0.0,0.005283983333806712,amplo
uf_RS,ciro22,cury26,0.02896794766364276,0.0,0.4065136119464293,amplo
uf_RS,ciro22,renan26,1.6504606383839493e-16,0.0,0.2749220757799459,amplo
uf_RS,ciro22,zema26,7.804222762822222e-17,0.0,0.02867559440695948,amplo
uf_RS,ciro22,outros26,0.0,0.0,4.7688860196879886e-17,amplo
uf_RS,ciro22,bn26,1.7113665424562698e-17,0.0,5.8954551920083395e-18,amplo
uf_RS,ciro22,abst26,3.065073422934411e-17,0.0,0.23873658530448338,amplo
uf_RS,tebet22,flavio26,0.0,0.0,0.36488478161938864,amplo
uf_RS,tebet22,lula26,0.0,0.0,3.0622315612219304e-18,amplo
uf_RS,tebet22,caiado26,0.3903189045356633,0.30345718097446756,0.42656534366599913,amplo
uf_RS,tebet22,cury26,0.35659985023105933,0.20259207322432632,0.39828447399803085,amplo
uf_RS,tebet22,renan26,0.12038844823916042,3.775268197559782e-18,0.22546904768254838,amplo
uf_RS,tebet22,zema26,0.0064163549342300796,0.0,0.04450610446352532,amplo
uf_RS,tebet22,outros26,0.0,0.0,0.018775867836206637,amplo
uf_RS,tebet22,bn26,0.026656581295817834,0.0,0.10810751967381332,amplo
uf_RS,tebet22,abst26,0.09961986076406945,0.0,0.17997725421386465,amplo
uf_RS,outros22,flavio26,1.6073297207097603e-17,0.0,1.4663331457054024e-19,amplo
uf_RS,outros22,lula26,7.051312116666819e-16,0.0,0.9999999999999998,amplo
uf_RS,outros22,caiado26,0.0,0.0,6.565511192845707e-19,amplo
uf_RS,outros22,cury26,0.1953733469408449,0.0,0.19277220427149958,amplo
uf_RS,outros22,renan26,0.8046266530591542,2.0703948607846513e-16,0.9482799407436217,amplo
uf_RS,outros22,zema26,1.8990478677441414e-16,0.0,5.596240803390788e-19,amplo
uf_RS,outros22,outros26,5.656147208585316e-17,0.0,2.4928444335490083e-19,amplo
uf_RS,outros22,bn26,2.6400322900022033e-17,0.0,1.8122799302097803e-19,amplo
uf_RS,outros22,abst26,4.217546450968612e-17,0.0,0.22724435341553995,amplo
uf_RS,bn22,flavio26,0.47105331255812616,0.0,0.7222515528880522,amplo
uf_RS,bn22,lula26,0.0,0.0,5.169402372423594e-19,amplo
uf_RS,bn22,caiado26,4.7742165039041384e-17,0.0,0.048716461296856486,amplo
uf_RS,bn22,cury26,0.02849081644228172,0.0,0.1612669336769606,amplo
uf_RS,bn22,renan26,5.42939648860534e-17,0.0,0.11674470523237139,amplo
uf_RS,bn22,zema26,3.7692966152816365e-18,0.0,2.873083346922976e-17,amplo
uf_RS,bn22,outros26,1.2292142130554407e-17,0.0,2.7900749121854494e-18,amplo
uf_RS,bn22,bn26,0.5004558709995919,0.2777484471119479,0.6399182565534696,amplo
uf_RS,bn22,abst26,8.467873076995966e-17,0.0,0.1988885445057655,amplo
uf_RS,abst22,flavio26,3.963902434913312e-18,0.0,1.5525397078112744e-17,amplo
uf_RS,abst22,lula26,0.09033128040898236,0.04282089853047139,0.1408303950602181,amplo
uf_RS,abst22,caiado26,0.0,0.0,0.0024808889130684708,amplo
uf_RS,abst22,cury26,4.5248500042324724e-18,0.0,0.019572685978126735,amplo
uf_RS,abst22,renan26,0.012684032075141256,0.0,0.03158828559970405,amplo
uf_RS,abst22,zema26,3.9725845226226686e-19,0.0,0.001969678126258185,amplo
uf_RS,abst22,outros26,1.7903735406114146e-17,0.0,3.3835779943089747e-18,amplo
uf_RS,abst22,bn26,0.0,0.0,5.807135132772597e-18,amplo
uf_RS,abst22,abst26,0.8969846875158763,0.8578572034468329,0.919907514648309,amplo
uf_SC,lula22,flavio26,0.14536207247541258,0.07387093850968081,0.2227842291287979,amplo
uf_SC,lula22,lula26,0.7685955218862772,0.7198683771122188,0.7799798761912444,amplo
uf_SC,lula22,caiado26,0.01706443034959901,0.010153168839638408,0.022849982085709455,amplo
uf_SC,lula22,cury26,0.009228482204165764,0.002773345274529822,0.021740335242111396,amplo
uf_SC,lula22,renan26,2.2574275077274358e-17,0.0,0.007846952246486651,amplo
uf_SC,lula22,zema26,1.3085388485658059e-17,0.0,0.007143428548497152,amplo
uf_SC,lula22,outros26,0.0030600760025767696,0.0,0.008054024089849893,amplo
uf_SC,lula22,bn26,0.022347997584602538,0.018529577380063812,0.030527589518050017,amplo
uf_SC,lula22,abst26,0.03434141949736612,0.003063774298532574,0.07019319933621368,amplo
uf_SC,jair22,flavio26,0.986401435324379,0.9424896369984709,1.0,amplo
uf_SC,jair22,lula26,1.1139012651986083e-17,0.0,2.6969687859254546e-18,amplo
uf_SC,jair22,caiado26,0.004686712413826604,6.398744302165614e-18,0.006963406773758649,amplo
uf_SC,jair22,cury26,0.001403833850695267,0.0,0.01449197084979166,amplo
uf_SC,jair22,renan26,0.007508018411099144,0.0,0.024055322859560226,amplo
uf_SC,jair22,zema26,0.0,0.0,0.005762860514506743,amplo
uf_SC,jair22,outros26,0.0,0.0,0.0021874277756570026,amplo
uf_SC,jair22,bn26,8.890457814381136e-18,0.0,0.0015143494066819547,amplo
uf_SC,jair22,abst26,7.535205098774256e-18,0.0,0.014252715633747214,amplo
uf_SC,ciro22,flavio26,2.231288070975168e-16,0.0,2.8170198243309917e-19,amplo
uf_SC,ciro22,lula26,0.7021246384789899,0.07187380456854028,1.0,amplo
uf_SC,ciro22,caiado26,1.7393821571867057e-17,0.0,1.8745897913921744e-19,amplo
uf_SC,ciro22,cury26,3.0560948736935156e-18,0.0,2.1170160306575654e-17,amplo
uf_SC,ciro22,renan26,1.9603730531253527e-17,0.0,0.16176010918995004,amplo
uf_SC,ciro22,zema26,0.0,0.0,2.176451157969926e-19,amplo
uf_SC,ciro22,outros26,0.0,0.0,2.047013935717627e-19,amplo
uf_SC,ciro22,bn26,0.0,0.0,2.0943419016454614e-19,amplo
uf_SC,ciro22,abst26,0.29787536152100985,2.057858604420443e-17,0.8730468105491529,amplo
uf_SC,tebet22,flavio26,9.326171562448748e-17,0.0,0.5313235440133444,amplo
uf_SC,tebet22,lula26,0.0,0.0,2.1399334500314235e-18,amplo
uf_SC,tebet22,caiado26,0.21814459083852838,0.15279883728712407,0.2902124031226659,amplo
uf_SC,tebet22,cury26,0.2902370846319936,0.19876487092603795,0.3284796327358203,amplo
uf_SC,tebet22,renan26,0.17220884616816537,8.37619764232345e-18,0.252876343262715,amplo
uf_SC,tebet22,zema26,0.06142181925711158,0.0,0.07215917985172986,amplo
uf_SC,tebet22,outros26,0.01900918590583443,0.0,0.036252495286234,amplo
uf_SC,tebet22,bn26,7.677506633912978e-18,0.0,0.07863232247425993,amplo
uf_SC,tebet22,abst26,0.2389784731983665,0.0,0.3381631520213909,amplo
uf_SC,outros22,flavio26,0.0,0.0,2.682778337080985e-19,amplo
uf_SC,outros22,lula26,0.530277121656308,0.13441230603281298,0.7151317032926326,amplo
uf_SC,outros22,caiado26,1.8797249286349026e-17,0.0,1.1173952761060342e-19,amplo
uf_SC,outros22,cury26,0.0,0.0,7.459597933426463e-05,amplo
uf_SC,outros22,renan26,0.20199362375928623,0.03859564266028673,0.5213854853542788,amplo
uf_SC,outros22,zema26,0.0,0.0,2.8038378740893463e-19,amplo
uf_SC,outros22,outros26,0.0,0.0,1.3116950389110638e-19,amplo
uf_SC,outros22,bn26,0.0,0.0,2.0699681977159746e-19,amplo
uf_SC,outros22,abst26,0.26772925458440605,0.058663680418978834,0.6461378983582643,amplo
uf_SC,bn22,flavio26,0.0,0.0,0.3126285535101676,amplo
uf_SC,bn22,lula26,2.8428543292222455e-17,0.0,7.502753148982584e-19,amplo
uf_SC,bn22,caiado26,0.0,0.0,0.0365653253798796,amplo
uf_SC,bn22,cury26,0.13739248120159628,0.00808495482186586,0.20198580726059745,amplo
uf_SC,bn22,renan26,0.17815903136239383,0.0007515732045051049,0.27024443239333945,amplo
uf_SC,bn22,zema26,0.0,0.0,1.4133780520501046e-17,amplo
uf_SC,bn22,outros26,2.203958552932008e-17,0.0,1.916426766977763e-17,amplo
uf_SC,bn22,bn26,0.5839657110645399,0.45569794154007476,0.6453475505557655,amplo
uf_SC,bn22,abst26,0.10048277637147013,0.0,0.40276295388448036,amplo
uf_SC,abst22,flavio26,0.033179586207804784,0.0,0.08617984122214434,amplo
uf_SC,abst22,lula26,1.7611509039311413e-17,0.0,0.08525180311228704,amplo
uf_SC,abst22,caiado26,0.0,0.0,0.01191873421182581,amplo
uf_SC,abst22,cury26,0.034924747853995186,0.012473340869145077,0.043660398548931764,amplo
uf_SC,abst22,renan26,0.0295042536773807,0.003798645299291364,0.04686007443820902,amplo
uf_SC,abst22,zema26,0.0036661507201492275,0.0,0.004917421698661932,amplo
uf_SC,abst22,outros26,0.0018789126797265424,0.0,0.005700247927622998,amplo
uf_SC,abst22,bn26,0.020544513989399223,0.005764847138777713,0.031741139065976594,amplo
uf_SC,abst22,abst26,0.8763018348715443,0.821039413511998,0.9163236901496767,amplo
uf_SP,lula22,flavio26,2.6845297541646293e-18,0.0,3.070730897161281e-18,amplo
uf_SP,lula22,lula26,0.8070999527914334,0.7890861626966755,0.8210542942055756,amplo
uf_SP,lula22,caiado26,1.867001787906353e-17,0.0,0.0015680269073004077,amplo
uf_SP,lula22,cury26,0.018854284360420876,0.010411154119487979,0.029787518445380898,amplo
uf_SP,lula22,renan26,0.011793779958124194,0.004806824557199272,0.01781951461530565,amplo
uf_SP,lula22,zema26,2.1305702066603165e-18,0.0,0.0025782683724847252,amplo
uf_SP,lula22,outros26,0.00470954730201888,0.001006399617489629,0.006735938502366564,amplo
uf_SP,lula22,bn26,0.024863561928920037,0.01884650165471097,0.030786144716448346,amplo
uf_SP,lula22,abst26,0.1326788736590827,0.11069689754209863,0.16063621492657124,amplo
uf_SP,jair22,flavio26,0.997832539979955,0.965576313082309,1.0,amplo
uf_SP,jair22,lula26,2.2912241223228824e-18,0.0,7.940192726680223e-19,amplo
uf_SP,jair22,caiado26,3.8186362844591995e-18,0.0,7.86166838020913e-05,amplo
uf_SP,jair22,cury26,0.002167460020044977,0.0,0.008599377520097035,amplo
uf_SP,jair22,renan26,0.0,0.0,0.004133971766499689,amplo
uf_SP,jair22,zema26,0.0,0.0,9.01065708355245e-19,amplo
uf_SP,jair22,outros26,8.433271781100628e-19,0.0,5.722289893854045e-19,amplo
uf_SP,jair22,bn26,1.7448878713438587e-19,0.0,4.674774835896485e-19,amplo
uf_SP,jair22,abst26,0.0,0.0,0.03048998703890337,amplo
uf_SP,ciro22,flavio26,0.0,0.0,2.591239143815455e-19,amplo
uf_SP,ciro22,lula26,0.0,0.0,0.3487597174087284,amplo
uf_SP,ciro22,caiado26,3.94040704729084e-17,0.0,3.530289804384633e-18,amplo
uf_SP,ciro22,cury26,0.18191448194259882,0.0,0.26582081555691234,amplo
uf_SP,ciro22,renan26,0.26887295933405203,0.11568269910819963,0.3821531798773807,amplo
uf_SP,ciro22,zema26,1.063524115225218e-17,0.0,3.5068748819845773e-19,amplo
uf_SP,ciro22,outros26,1.5561045281853961e-16,0.0,3.5726378208808173e-19,amplo
uf_SP,ciro22,bn26,1.0692555511766634e-17,0.0,2.2852551543703364e-19,amplo
uf_SP,ciro22,abst26,0.549212558723349,0.31937027250347505,0.7680049815300286,amplo
uf_SP,tebet22,flavio26,0.0,0.0,1.6420527775912668e-19,amplo
uf_SP,tebet22,lula26,0.6192415188350306,0.2377098119396956,0.6704179283855459,amplo
uf_SP,tebet22,caiado26,0.169471064073348,0.15133260484106903,0.21152589294315838,amplo
uf_SP,tebet22,cury26,0.06677750752597515,1.037547597750738e-17,0.30047557290240257,amplo
uf_SP,tebet22,renan26,0.131146191870563,0.07673063209097734,0.2275098361544619,amplo
uf_SP,tebet22,zema26,0.013363717695083401,7.202427029621723e-19,0.033228804783919826,amplo
uf_SP,tebet22,outros26,0.0,0.0,0.007906600480921512,amplo
uf_SP,tebet22,bn26,1.5585406229479126e-18,0.0,2.4669305193189466e-19,amplo
uf_SP,tebet22,abst26,1.429791614965259e-18,0.0,0.13518719962547604,amplo
uf_SP,outros22,flavio26,9.548263601218826e-17,0.0,7.520858478230138e-20,amplo
uf_SP,outros22,lula26,0.4772918923753564,0.08180144177514534,1.0,amplo
uf_SP,outros22,caiado26,0.031276200571568866,0.0,3.862243658166224e-17,amplo
uf_SP,outros22,cury26,0.05197664095339386,0.0,0.12816517810169048,amplo
uf_SP,outros22,renan26,0.15397305682850812,0.0,0.46371750511121934,amplo
uf_SP,outros22,zema26,0.035036253341455305,0.0,5.3895478236017627e-17,amplo
uf_SP,outros22,outros26,1.7210862455260129e-16,0.0,2.3419995123460427e-17,amplo
uf_SP,outros22,bn26,0.0,0.0,1.3403766994707274e-19,amplo
uf_SP,outros22,abst26,0.2504459559297171,0.0,0.5545281705747303,amplo
uf_SP,bn22,flavio26,0.0,0.0,7.059167439093571e-19,amplo
uf_SP,bn22,lula26,1.0885452828280925e-16,0.0,2.029975362291296e-19,amplo
uf_SP,bn22,caiado26,0.019789369913248176,0.0,0.048524068655006115,amplo
uf_SP,bn22,cury26,0.11114699384328035,0.02904091213742539,0.18247255159225184,amplo
uf_SP,bn22,renan26,0.030918241758337506,0.0,0.06151866223160615,amplo
uf_SP,bn22,zema26,1.9607316137615676e-17,0.0,1.6298036369863256e-18,amplo
uf_SP,bn22,outros26,8.02747582367987e-18,0.0,7.729920430927989e-18,amplo
uf_SP,bn22,bn26,0.7563701180831329,0.6935917249298893,0.8092956026938679,amplo
uf_SP,bn22,abst26,0.08177527640200104,0.0,0.2638630198346171,amplo
uf_SP,abst22,flavio26,0.12587647067159388,0.11307028934740145,0.19405155918168362,amplo
uf_SP,abst22,lula26,0.0,0.0,0.041565333948581105,amplo
uf_SP,abst22,caiado26,0.035741954551323694,0.02900106225181615,0.04127791534396581,amplo
uf_SP,abst22,cury26,0.02830908059855603,0.0,0.043430990229933505,amplo
uf_SP,abst22,renan26,0.016446907116429127,0.0,0.02350240400554916,amplo
uf_SP,abst22,zema26,0.007755111576597496,0.004853398734420218,0.010821243459532573,amplo
uf_SP,abst22,outros26,0.004756068638786613,0.002018721199334854,0.00824880048387933,amplo
uf_SP,abst22,bn26,0.020080700080679772,0.013659754050334302,0.02872615438783808,amplo
uf_SP,abst22,abst26,0.7610337067660334,0.7022928200567007,0.7794003151682771,amplo
uf_TO,lula22,flavio26,0.09091206549222201,0.061112807815404416,0.11557939375482795,amplo
uf_TO,lula22,lula26,0.8609539894489414,0.829001076539098,0.8694596048308184,amplo
uf_TO,lula22,caiado26,0.0,0.0,0.006480241459790229,amplo
uf_TO,lula22,cury26,0.006317850140771992,0.0015001209869003563,0.019760211098781257,amplo
uf_TO,lula22,renan26,0.0,0.0,0.007718534517037239,amplo
uf_TO,lula22,zema26,1.753146442579588e-18,0.0,0.0008792372236029046,amplo
uf_TO,lula22,outros26,0.0,0.0,0.0015907133944917406,amplo
uf_TO,lula22,bn26,0.01874943146519296,0.015228957270452521,0.029898363270788653,amplo
uf_TO,lula22,abst26,0.02306666345287159,0.011636394889544082,0.039636781125153335,amplo
uf_TO,jair22,flavio26,1.0,0.9803913257219575,1.0,amplo
uf_TO,jair22,lula26,6.1663998560113065e-18,0.0,2.819624864234103e-18,amplo
uf_TO,jair22,caiado26,1.883801274693564e-18,0.0,0.00860181254811513,amplo
uf_TO,jair22,cury26,0.0,0.0,2.427432314197298e-18,amplo
uf_TO,jair22,renan26,7.96549783597944e-17,0.0,0.009276790684138086,amplo
uf_TO,jair22,zema26,0.0,0.0,8.231095604502871e-19,amplo
uf_TO,jair22,outros26,2.846030702774449e-19,0.0,7.404232629305062e-19,amplo
uf_TO,jair22,bn26,2.4530074152484538e-18,0.0,5.859777496141471e-05,amplo
uf_TO,jair22,abst26,8.673617379884035e-18,0.0,0.007399673342554084,amplo
uf_TO,ciro22,flavio26,0.0,0.0,0.3059797716314161,amplo
uf_TO,ciro22,lula26,5.741612832963275e-17,0.0,0.15146693279321344,amplo
uf_TO,ciro22,caiado26,1.5609123152002247e-17,0.0,0.08968554438440891,amplo
uf_TO,ciro22,cury26,0.5767521326736659,0.4159643164082332,0.6686918086635428,amplo
uf_TO,ciro22,renan26,0.4232478673263343,0.1966681577164914,0.47123952986002254,amplo
uf_TO,ciro22,zema26,3.618524750670371e-17,0.0,6.281088117069547e-18,amplo
uf_TO,ciro22,outros26,0.0,0.0,1.1144356900487668e-17,amplo
uf_TO,ciro22,bn26,0.0,0.0,0.07232384275719957,amplo
uf_TO,ciro22,abst26,0.0,0.0,0.04463212787125464,amplo
uf_TO,tebet22,flavio26,0.1120213390183457,0.0,0.7733769277454049,amplo
uf_TO,tebet22,lula26,4.030521576214863e-17,0.0,2.793996542382335e-17,amplo
uf_TO,tebet22,caiado26,0.40380385867245433,0.160290830784146,0.4786659242545776,amplo
uf_TO,tebet22,cury26,0.2507978157344733,2.471212535565113e-17,0.3593662232327246,amplo
uf_TO,tebet22,renan26,0.13327756413373867,0.0,0.22210112318931233,amplo
uf_TO,tebet22,zema26,0.0072541382817127645,0.0,0.025357732070806018,amplo
uf_TO,tebet22,outros26,0.023630018528199858,0.0,0.03585619336539502,amplo
uf_TO,tebet22,bn26,0.05828303763644803,0.0,0.16121020951798967,amplo
uf_TO,tebet22,abst26,0.01093222799462733,0.0,0.20753868634219352,amplo
uf_TO,outros22,flavio26,0.0,0.0,0.419352201345013,amplo
uf_TO,outros22,lula26,0.007376339290936725,0.0,0.4306072723561361,amplo
uf_TO,outros22,caiado26,0.20590923983974027,0.0,0.6210065844629776,amplo
uf_TO,outros22,cury26,0.2096940693453707,0.0,0.40654224266015265,amplo
uf_TO,outros22,renan26,0.23375282327436522,0.0,0.6948638851240522,amplo
uf_TO,outros22,zema26,0.046801183637880654,0.0,0.0002447140218412653,amplo
uf_TO,outros22,outros26,0.05467552786225837,0.0,0.008483794769479552,amplo
uf_TO,outros22,bn26,0.0723353902965283,0.0,0.15678387718448047,amplo
uf_TO,outros22,abst26,0.16945542645291983,0.0,0.6828166429812143,amplo
uf_TO,bn22,flavio26,0.0,0.0,0.005536210456389984,amplo
uf_TO,bn22,lula26,0.04199214740008147,0.0,0.49704001764612643,amplo
uf_TO,bn22,caiado26,0.21379591195846195,2.7306859911820977e-18,0.3011518333004337,amplo
uf_TO,bn22,cury26,0.0014413640470583406,0.0,0.07734045865657795,amplo
uf_TO,bn22,renan26,4.2433968377276294e-17,0.0,0.02975086349352854,amplo
uf_TO,bn22,zema26,1.7838513869175565e-18,0.0,3.778518951192697e-17,amplo
uf_TO,bn22,outros26,0.0,0.0,0.006409709499195938,amplo
uf_TO,bn22,bn26,0.7427705765943982,0.48157269964054905,0.7711956197369993,amplo
uf_TO,bn22,abst26,6.43490930029092e-17,0.0,0.1363171009702925,amplo
uf_TO,abst22,flavio26,0.060448510635341186,0.0009015276168569122,0.11896900732807372,amplo
uf_TO,abst22,lula26,0.0,0.0,1.3245530652248355e-18,amplo
uf_TO,abst22,caiado26,0.004732325283916617,0.0,0.039598775276013284,amplo
uf_TO,abst22,cury26,0.0,0.0,5.711946827474681e-19,amplo
uf_TO,abst22,renan26,2.0750242564921426e-17,0.0,4.135832917849195e-18,amplo
uf_TO,abst22,zema26,1.2764786515122306e-18,0.0,3.387185494396441e-19,amplo
uf_TO,abst22,outros26,0.0,0.0,3.874024298275752e-19,amplo
uf_TO,abst22,bn26,7.315929444553799e-18,0.0,0.026806826447014213,amplo
uf_TO,abst22,abst26,0.9348191640807423,0.875504485504078,0.9566157134238079,amplo
nacional,lula22,flavio26,0.018596744550345965,0.007438764370888077,0.029553892749107538,enxuto
nacional,lula22,lula26,0.9325202590890022,0.9276951959131503,0.9361953940686764,enxuto
nacional,lula22,caiado26,0.0,0.0,8.983714156640366e-19,enxuto
nacional,lula22,cury26,0.014268105431975906,0.010703118031076084,0.015917400448447177,enxuto
nacional,lula22,renan26,8.502463784979463e-18,0.0,0.0015513003434339291,enxuto
nacional,lula22,zema26,0.0008117855268622639,0.0,0.0017767764923723463,enxuto
nacional,lula22,outros26,0.0025209550937799123,1.2436587717840868e-18,0.0032877531872715403,enxuto
nacional,lula22,bn26,0.028530363186349217,0.024596806705717487,0.03153521038392184,enxuto
nacional,lula22,abst26,0.0027517871216844875,0.0,0.016263266617489124,enxuto
nacional,jair22,flavio26,0.9715290795376632,0.9607877998576991,0.982210988052969,enxuto
nacional,jair22,lula26,0.0,0.0,3.232401142069804e-18,enxuto
nacional,jair22,caiado26,0.011179947074411703,0.0035007644689790587,0.017464687448112127,enxuto
nacional,jair22,cury26,0.0027555799086734205,0.0,0.007657828532081194,enxuto
nacional,jair22,renan26,3.637318294187576e-18,0.0,2.028647713704867e-18,enxuto
nacional,jair22,zema26,2.408617594856408e-19,0.0,7.542416459354495e-19,enxuto
nacional,jair22,outros26,0.0,0.0,6.856443849170396e-19,enxuto
nacional,jair22,bn26,7.794820697107699e-19,0.0,7.299804385692697e-19,enxuto
nacional,jair22,abst26,0.014535393479251665,0.006672788874878961,0.02844267015724644,enxuto
nacional,terceiros22,flavio26,9.870964625276993e-18,0.0,5.4932402735156535e-19,enxuto
nacional,terceiros22,lula26,5.701683170434115e-18,0.0,5.85641888454074e-19,enxuto
nacional,terceiros22,caiado26,0.14188337374070928,0.11457061712297488,0.19674307095763474,enxuto
nacional,terceiros22,cury26,0.21677311711680658,0.18737343042000326,0.25348009817060474,enxuto
nacional,terceiros22,renan26,0.23433122406477727,0.22014134110309774,0.24857372824188298,enxuto
nacional,terceiros22,zema26,0.016006115033482995,0.001128574914424357,0.026261600863439264,enxuto
nacional,terceiros22,outros26,0.007915604547828718,0.0,0.018566829309061176,enxuto
nacional,terceiros22,bn26,0.05309896801324396,0.015310761850532663,0.08807012482043582,enxuto
nacional,terceiros22,abst26,0.3299915974831513,0.22285557914358825,0.39910314651717044,enxuto
nacional,bn22,flavio26,1.8004744085074222e-16,0.0,5.407484805051055e-19,enxuto
nacional,bn22,lula26,2.8430872632827404e-17,0.0,7.005385990266694e-19,enxuto
nacional,bn22,caiado26,1.6100614019646554e-17,0.0,4.370425310036174e-19,enxuto
nacional,bn22,cury26,0.0,0.0,0.04973681148652312,enxuto
nacional,bn22,renan26,0.0,0.0,3.373044014644234e-19,enxuto
nacional,bn22,zema26,1.939176053620314e-18,0.0,4.793332978732484e-19,enxuto
nacional,bn22,outros26,0.0,0.0,4.1183933035586174e-19,enxuto
nacional,bn22,bn26,0.6507567043062054,0.5774505656649831,0.7230863130958014,enxuto
nacional,bn22,abst26,0.34924329569379464,0.2382500165965197,0.42254943433501685,enxuto
nacional,abst22,flavio26,0.14378217093039472,0.10478416113783759,0.18038316926831283,enxuto
nacional,abst22,lula26,1.0512843545728342e-17,0.0,5.700214097666222e-19,enxuto
nacional,abst22,caiado26,0.017339943894709598,0.006446186785827208,0.027024240064568373,enxuto
nacional,abst22,cury26,0.007356577414141495,2.441691584468729e-19,0.01476898297127213,enxuto
nacional,abst22,renan26,0.008458851148791404,0.003279151197577119,0.011510940602224773,enxuto
nacional,abst22,zema26,0.0023554546976377352,0.0,0.006567814440987783,enxuto
nacional,abst22,outros26,2.0619031867435814e-18,0.0,0.004548784935328294,enxuto
nacional,abst22,bn26,0.0050463441283757175,2.6146557122980586e-18,0.011265771076665152,enxuto
nacional,abst22,abst26,0.8156606577859492,0.7820674936639475,0.8386592507809049,enxuto
Centro-Oeste,lula22,flavio26,0.0,0.0,2.015599601286335e-18,enxuto
Centro-Oeste,lula22,lula26,0.7021513143134765,0.6658708504006253,0.796413961267925,enxuto
Centro-Oeste,lula22,caiado26,0.06381308515850087,0.0,0.09227501464317306,enxuto
Centro-Oeste,lula22,cury26,0.010130116921325224,1.5117906787702938e-18,0.02118336632666374,enxuto
Centro-Oeste,lula22,renan26,4.931584637592145e-18,0.0,0.008924590747319262,enxuto
Centro-Oeste,lula22,zema26,0.002685029220308879,0.0,0.0038103415158097396,enxuto
Centro-Oeste,lula22,outros26,0.003434069086164932,7.821368182827995e-19,0.004890977847543074,enxuto
Centro-Oeste,lula22,bn26,0.05552932680917743,0.027840555071665208,0.06022737630721636,enxuto
Centro-Oeste,lula22,abst26,0.16225705849104613,0.13011007222989462,0.17958097599886183,enxuto
Centro-Oeste,jair22,flavio26,0.891663821761777,0.8592270394154949,0.9476887668050057,enxuto
Centro-Oeste,jair22,lula26,7.360292795166243e-18,0.0,0.00922830441083079,enxuto
Centro-Oeste,jair22,caiado26,2.7346458702105086e-18,0.0,8.531527602982137e-18,enxuto
Centro-Oeste,jair22,cury26,0.018755695750835175,0.01111592569574903,0.026874824359864304,enxuto
Centro-Oeste,jair22,renan26,0.018023653090538057,0.011257788035499644,0.026801050667655788,enxuto
Centro-Oeste,jair22,zema26,7.359290989642101e-05,0.0,0.002422544181667672,enxuto
Centro-Oeste,jair22,outros26,0.00039493761565983327,0.0,0.0029226126628106638,enxuto
Centro-Oeste,jair22,bn26,0.02363347083707222,3.3073533008622135e-18,0.027687636800023015,enxuto
Centro-Oeste,jair22,abst26,0.04745482803422133,0.018476363527152546,0.06362779561974195,enxuto
Centro-Oeste,terceiros22,flavio26,5.91561457615299e-17,0.0,7.082235265542422e-19,enxuto
Centro-Oeste,terceiros22,lula26,0.7071439646870186,2.9011498250813196e-16,0.9490445551698062,enxuto
Centro-Oeste,terceiros22,caiado26,0.1308848285445096,0.0,0.9507513328930741,enxuto
Centro-Oeste,terceiros22,cury26,0.06429095297636787,0.0,0.16338043431216437,enxuto
Centro-Oeste,terceiros22,renan26,0.09768025379210395,3.1824790915834736e-18,0.13965727133881606,enxuto
Centro-Oeste,terceiros22,zema26,0.0,0.0,1.791829181053691e-18,enxuto
Centro-Oeste,terceiros22,outros26,0.0,0.0,6.555780303563241e-05,enxuto
Centro-Oeste,terceiros22,bn26,0.0,0.0,0.1742664772847407,enxuto
Centro-Oeste,terceiros22,abst26,1.4557108231512406e-17,0.0,0.15624635466734554,enxuto
Centro-Oeste,bn22,flavio26,0.0,0.0,5.269176099454455e-19,enxuto
Centro-Oeste,bn22,lula26,6.394632883648978e-17,0.0,3.983312786721273e-19,enxuto
Centro-Oeste,bn22,caiado26,1.0,0.3592776092821861,1.0,enxuto
Centro-Oeste,bn22,cury26,0.0,0.0,1.505460409953167e-17,enxuto
Centro-Oeste,bn22,renan26,0.0,0.0,0.0466654873758733,enxuto
Centro-Oeste,bn22,zema26,0.0,0.0,3.104079290155479e-18,enxuto
Centro-Oeste,bn22,outros26,4.100910014131695e-18,0.0,5.977744773706345e-18,enxuto
Centro-Oeste,bn22,bn26,6.700538832549868e-17,9.874093022353669e-18,0.5878321414811798,enxuto
Centro-Oeste,bn22,abst26,0.0,0.0,1.2039996304024595e-17,enxuto
Centro-Oeste,abst22,flavio26,0.2954473387583984,0.22238951181692307,0.3392199199216654,enxuto
Centro-Oeste,abst22,lula26,2.0817324086850282e-18,0.0,5.406844801389296e-18,enxuto
Centro-Oeste,abst22,caiado26,0.0,0.0,0.026825047848064273,enxuto
Centro-Oeste,abst22,cury26,9.59919809268552e-19,0.0,1.2163816639045387e-18,enxuto
Centro-Oeste,abst22,renan26,8.205771420630536e-20,0.0,1.5122290965567838e-18,enxuto
Centro-Oeste,abst22,zema26,1.3011709285957382e-18,0.0,1.913217312179807e-18,enxuto
Centro-Oeste,abst22,outros26,5.023156081305033e-19,0.0,1.621485422514949e-18,enxuto
Centro-Oeste,abst22,bn26,0.0,0.0,0.023939205543809704,enxuto
Centro-Oeste,abst22,abst26,0.7045526612416017,0.6553916694121255,0.7616786706081862,enxuto
Nordeste,lula22,flavio26,0.012544729640504204,0.0029377042364400136,0.023673347426310942,enxuto
Nordeste,lula22,lula26,0.8784185636551516,0.8668099855706034,0.890831140287264,enxuto
Nordeste,lula22,caiado26,0.0053107460471283705,0.001252864731438325,0.007965783728025966,enxuto
Nordeste,lula22,cury26,0.011678654773471344,0.00898285754610498,0.01368428884632066,enxuto
Nordeste,lula22,renan26,0.004803969478922754,0.0036235560835513594,0.006419238072821178,enxuto
Nordeste,lula22,zema26,0.0006109848227616143,1.0331287327440306e-19,0.0012564337028531142,enxuto
Nordeste,lula22,outros26,0.00043640772610400487,0.0,0.0017520910330003023,enxuto
Nordeste,lula22,bn26,0.018371329904366508,0.012142034990740418,0.025158376576613597,enxuto
Nordeste,lula22,abst26,0.06782461395158956,0.05806807706202328,0.07565448607828502,enxuto
Nordeste,jair22,flavio26,0.9031402280976558,0.8710287600648168,0.9408382842762848,enxuto
Nordeste,jair22,lula26,1.8944950656526495e-18,0.0,8.246117204426839e-19,enxuto
Nordeste,jair22,caiado26,0.005303023779346104,0.0,0.020204357952684777,enxuto
Nordeste,jair22,cury26,0.02598888320340593,0.01588000661212177,0.03455260867349025,enxuto
Nordeste,jair22,renan26,0.008287302975975382,2.475207288528152e-19,0.01585315300500458,enxuto
Nordeste,jair22,zema26,3.569714477084842e-19,0.0,0.00014797149837776565,enxuto
Nordeste,jair22,outros26,0.0,0.0,0.00021009332891842232,enxuto
Nordeste,jair22,bn26,8.436077577738408e-18,0.0,0.004962481585195733,enxuto
Nordeste,jair22,abst26,0.05728056194361677,0.026773807765124214,0.08062333581894947,enxuto
Nordeste,terceiros22,flavio26,0.296565634672916,0.09924199995275214,0.4353395693471226,enxuto
Nordeste,terceiros22,lula26,0.10241118553016225,0.0,0.22235475366616436,enxuto
Nordeste,terceiros22,caiado26,0.09217504016772687,0.0131233884224274,0.15494895166905992,enxuto
Nordeste,terceiros22,cury26,0.15294359902244706,0.1040780546554785,0.21130101452440633,enxuto
Nordeste,terceiros22,renan26,0.16459669547446507,0.1297147064200024,0.1988646613324627,enxuto
Nordeste,terceiros22,zema26,0.006453716456727424,0.0,0.013698207768719267,enxuto
Nordeste,terceiros22,outros26,0.016281130780734624,9.916969102224744e-19,0.02251347310683775,enxuto
Nordeste,terceiros22,bn26,0.16857299789482078,0.11550193320057457,0.2197075740280831,enxuto
Nordeste,terceiros22,abst26,9.892497790982974e-18,0.0,0.17475159187043193,enxuto
Nordeste,bn22,flavio26,3.195590612194458e-17,0.0,1.8334028143319332e-19,enxuto
Nordeste,bn22,lula26,8.495994570844809e-17,0.0,1.7135211825158484e-19,enxuto
Nordeste,bn22,caiado26,0.0,0.0,0.013376540098661524,enxuto
Nordeste,bn22,cury26,1.4383995872917308e-17,0.0,0.011318918389494025,enxuto
Nordeste,bn22,renan26,2.1589811034328048e-17,0.0,1.4408559828387684e-19,enxuto
Nordeste,bn22,zema26,2.9603801506537797e-18,0.0,1.2812916019063706e-19,enxuto
Nordeste,bn22,outros26,0.0,0.0,1.1196452073721767e-19,enxuto
Nordeste,bn22,bn26,0.5911188450458708,0.4560777283576718,0.7491013133568669,enxuto
Nordeste,bn22,abst26,0.4088811549541292,0.23432361002828062,0.5439222716423284,enxuto
Nordeste,abst22,flavio26,0.1575861659959818,0.13006680272464902,0.1840268912216515,enxuto
Nordeste,abst22,lula26,0.19628056244284614,0.1727144134047723,0.22145336673369934,enxuto
Nordeste,abst22,caiado26,0.0031774366575285373,0.0,0.009352616727040047,enxuto
Nordeste,abst22,cury26,1.2495853554369066e-18,0.0,2.1707849707739373e-19,enxuto
Nordeste,abst22,renan26,1.6563729283557843e-18,0.0,2.398757601954776e-19,enxuto
Nordeste,abst22,zema26,0.0,0.0,0.0001186806625750311,enxuto
Nordeste,abst22,outros26,1.929117537371669e-19,0.0,2.6847754819519574e-18,enxuto
Nordeste,abst22,bn26,0.013834943685851791,0.004851830847804939,0.02097221179511932,enxuto
Nordeste,abst22,abst26,0.6291208912177918,0.6102572831171335,0.6533508612845925,enxuto
Norte,lula22,flavio26,0.0,0.0,2.1234339540796997e-18,enxuto
Norte,lula22,lula26,0.9316647072888736,0.9108812072558595,0.9519470610406461,enxuto
Norte,lula22,caiado26,0.0,0.0,1.0004360586694414e-18,enxuto
Norte,lula22,cury26,2.8693770483831458e-18,0.0,0.0021782543716154477,enxuto
Norte,lula22,renan26,1.8775896997470273e-19,0.0,1.278897548204835e-18,enxuto
Norte,lula22,zema26,0.0,0.0,3.2428677283423826e-18,enxuto
Norte,lula22,outros26,2.4779750750265116e-19,0.0,5.005113162339676e-18,enxuto
Norte,lula22,bn26,0.020906701153527253,0.013574304965238832,0.029192082534783805,enxuto
Norte,lula22,abst26,0.04742859155759919,0.029499972467717125,0.060639377051465805,enxuto
Norte,jair22,flavio26,0.9301917639962669,0.9045075942018689,0.9665941219193831,enxuto
Norte,jair22,lula26,6.382763834475577e-18,0.0,3.3047311383204197e-18,enxuto
Norte,jair22,caiado26,0.004134030835780358,0.0,0.011421324978009136,enxuto
Norte,jair22,cury26,0.003531006517593211,0.0,0.012824883852393842,enxuto
Norte,jair22,renan26,0.0034125838224334,0.0,0.009564136422689211,enxuto
Norte,jair22,zema26,2.2404021454876244e-19,0.0,1.089402491560503e-18,enxuto
Norte,jair22,outros26,3.942938369468768e-19,0.0,1.4271632899279026e-18,enxuto
Norte,jair22,bn26,0.0,0.0,3.843165829216093e-18,enxuto
Norte,jair22,abst26,0.05873061482792618,0.029327695629337326,0.07226219102463875,enxuto
Norte,terceiros22,flavio26,0.0,0.0,8.018737443790033e-19,enxuto
Norte,terceiros22,lula26,0.19312396844981058,0.011449217147342634,0.3311817655833969,enxuto
Norte,terceiros22,caiado26,0.092128524878077,0.039982573866611075,0.13216373250294577,enxuto
Norte,terceiros22,cury26,0.3299419733520859,0.2542351831666659,0.39535554944723633,enxuto
Norte,terceiros22,renan26,0.19629388972300385,0.16337552567806876,0.23173675125450743,enxuto
Norte,terceiros22,zema26,2.1253661102311822e-17,0.0,0.004439032499418497,enxuto
Norte,terceiros22,outros26,0.015266625972067684,0.00427245115232361,0.01817312620376489,enxuto
Norte,terceiros22,bn26,0.17324501762495523,0.08963370173350829,0.23284647425677163,enxuto
Norte,terceiros22,abst26,0.0,0.0,0.14166629757664456,enxuto
Norte,bn22,flavio26,1.0375726467648169e-16,0.0,5.0260062706876135e-19,enxuto
Norte,bn22,lula26,0.0,0.0,4.54439998286329e-19,enxuto
Norte,bn22,caiado26,0.0906134136867314,1.13184642987759e-19,0.2715155196662166,enxuto
Norte,bn22,cury26,0.0,0.0,0.09602702265582909,enxuto
Norte,bn22,renan26,0.0,0.0,3.405256834909364e-19,enxuto
Norte,bn22,zema26,9.652826167112953e-18,0.0,3.524283486471417e-19,enxuto
Norte,bn22,outros26,0.0,0.0,3.430221319635614e-19,enxuto
Norte,bn22,bn26,0.16855789837793403,0.047870232427436335,0.37219514653377084,enxuto
Norte,bn22,abst26,0.7408286879353347,0.41707401744453687,0.8659085108775536,enxuto
Norte,abst22,flavio26,0.27709793510289454,0.23423046186771126,0.3103810063261329,enxuto
Norte,abst22,lula26,9.556874346813962e-18,0.0,1.0871132363093004e-18,enxuto
Norte,abst22,caiado26,0.007236190280442855,3.771421630112364e-18,0.010395355051666602,enxuto
Norte,abst22,cury26,0.0073609482915709965,0.0,0.022534014354326972,enxuto
Norte,abst22,renan26,0.0032734295411715243,0.0,0.007452001794948016,enxuto
Norte,abst22,zema26,0.0009017489306952201,0.0,0.0017359337093824946,enxuto
Norte,abst22,outros26,0.0,0.0,0.0031226721898608275,enxuto
Norte,abst22,bn26,0.030050919085155024,0.013313734618022212,0.04127238839780288,enxuto
Norte,abst22,abst26,0.6740788287680699,0.6476567495352741,0.7257706766052361,enxuto
Sudeste,lula22,flavio26,0.0011619203581175364,0.0,0.019429635022822845,enxuto
Sudeste,lula22,lula26,0.8454115241142692,0.8289594144389449,0.8601888090251926,enxuto
Sudeste,lula22,caiado26,0.0032269017238212606,0.0,0.006493824902912322,enxuto
Sudeste,lula22,cury26,0.026141870049145432,0.021944736340927376,0.02933894028979435,enxuto
Sudeste,lula22,renan26,0.0029225972527223074,0.0,0.004289814384997304,enxuto
Sudeste,lula22,zema26,0.008632324331480389,0.005159013378747251,0.009767134488540847,enxuto
Sudeste,lula22,outros26,0.0037547901782433593,0.0008238899187527352,0.0042210888728469115,enxuto
Sudeste,lula22,bn26,0.016911358985431748,0.012123019259603143,0.02205766460305519,enxuto
Sudeste,lula22,abst26,0.09183671300676877,0.07672558545301475,0.10852330209185063,enxuto
Sudeste,jair22,flavio26,0.9814821018206766,0.9634406788072676,0.994121115654306,enxuto
Sudeste,jair22,lula26,1.1606257201515237e-17,0.0,9.239051576845684e-19,enxuto
Sudeste,jair22,caiado26,0.005210558988413682,6.30430740773615e-20,0.01294254349318219,enxuto
Sudeste,jair22,cury26,0.009322377652911528,0.0016981586689677466,0.012413955207790067,enxuto
Sudeste,jair22,renan26,0.003984961537998192,0.0,0.00652020376798903,enxuto
Sudeste,jair22,zema26,8.290334971251465e-19,0.0,7.72526776536569e-05,enxuto
Sudeste,jair22,outros26,0.0,0.0,0.0006089084595639991,enxuto
Sudeste,jair22,bn26,0.0,0.0,0.007114606388176229,enxuto
Sudeste,jair22,abst26,0.0,0.0,0.012653381721550104,enxuto
Sudeste,terceiros22,flavio26,9.284751651328013e-18,0.0,2.1823539188211033e-19,enxuto
Sudeste,terceiros22,lula26,0.16867637027552213,0.034507536408846295,0.2365629510434383,enxuto
Sudeste,terceiros22,caiado26,0.12257296952690126,0.10891759159713209,0.13816732688802746,enxuto
Sudeste,terceiros22,cury26,0.13538723198505256,0.09928779097831275,0.21156710482306537,enxuto
Sudeste,terceiros22,renan26,0.24056933780724465,0.23014871375600088,0.2652651657220392,enxuto
Sudeste,terceiros22,zema26,0.007644621187433108,0.0012868980882951022,0.024937233677778777,enxuto
Sudeste,terceiros22,outros26,0.013159585679468176,0.0047749469621390095,0.01946071661321983,enxuto
Sudeste,terceiros22,bn26,0.010155085576038165,0.0,0.029454401042173988,enxuto
Sudeste,terceiros22,abst26,0.3018347979623399,0.24972244037055266,0.3644298571566758,enxuto
Sudeste,bn22,flavio26,0.09835408808277753,0.0,0.24909121400609158,enxuto
Sudeste,bn22,lula26,3.76311327476668e-17,0.0,1.574581309386541e-19,enxuto
Sudeste,bn22,caiado26,0.0,0.0,2.845247197298247e-18,enxuto
Sudeste,bn22,cury26,0.07178523007621139,0.004194151594754627,0.12893033634458687,enxuto
Sudeste,bn22,renan26,0.0,0.0,0.005570981556806626,enxuto
Sudeste,bn22,zema26,1.449866295815186e-17,0.0,8.612895705477747e-19,enxuto
Sudeste,bn22,outros26,0.0,0.0,1.6939997200595968e-18,enxuto
Sudeste,bn22,bn26,0.829860681841011,0.734033765846717,0.8790115911039643,enxuto
Sudeste,bn22,abst26,0.0,0.0,0.07988215079066378,enxuto
Sudeste,abst22,flavio26,0.11732563995077012,0.045486812483217356,0.16922424264135225,enxuto
Sudeste,abst22,lula26,0.05144306441666795,0.020445632281846964,0.10046136965401661,enxuto
Sudeste,abst22,caiado26,0.018218369041716205,0.004590221485114972,0.029727515692878705,enxuto
Sudeste,abst22,cury26,7.184745216847789e-18,0.0,6.73009557262905e-19,enxuto
Sudeste,abst22,renan26,0.0,0.0,0.00825051946064379,enxuto
Sudeste,abst22,zema26,1.1807639284724947e-18,0.0,0.003130847378117793,enxuto
Sudeste,abst22,outros26,0.0,0.0,0.0031689176683110647,enxuto
Sudeste,abst22,bn26,0.010252482664430358,0.0009000473476527932,0.01562747545608713,enxuto
Sudeste,abst22,abst26,0.8027604439264154,0.757940860906958,0.8348155489698826,enxuto
Sul,lula22,flavio26,0.12159241917996572,0.10067312965568488,0.14456786101522706,enxuto
Sul,lula22,lula26,0.7382364088562011,0.7123206996105008,0.766715469370892,enxuto
Sul,lula22,caiado26,0.016993794641997493,0.011345294496923073,0.02002238936110103,enxuto
Sul,lula22,cury26,0.006817752338432706,0.0011316822641522363,0.012930409037367079,enxuto
Sul,lula22,renan26,2.149902382619729e-18,0.0,1.2618170405908514e-18,enxuto
Sul,lula22,zema26,0.00012188450932801493,0.0,0.0029295697907077154,enxuto
Sul,lula22,outros26,0.002845682703390416,2.0486844528140727e-18,0.004837507563583711,enxuto
Sul,lula22,bn26,0.040849756361050364,0.035601021053176286,0.04376730908921118,enxuto
Sul,lula22,abst26,0.07254230140963425,0.06135394940749974,0.08265356893613472,enxuto
Sul,jair22,flavio26,1.0,0.9895345730146197,1.0,enxuto
Sul,jair22,lula26,1.3677672965303178e-17,0.0,2.1292449530282586e-18,enxuto
Sul,jair22,caiado26,1.0881494783686075e-18,0.0,7.006418311671161e-19,enxuto
Sul,jair22,cury26,2.2146768284372252e-18,0.0,0.0030970696606640244,enxuto
Sul,jair22,renan26,3.3818657304409897e-17,7.278342357519393e-19,0.008944276395842526,enxuto
Sul,jair22,zema26,0.0,0.0,6.368364274372263e-19,enxuto
Sul,jair22,outros26,5.332270926312833e-19,0.0,4.433846901961841e-19,enxuto
Sul,jair22,bn26,0.0,0.0,5.194006032563372e-19,enxuto
Sul,jair22,abst26,0.0,0.0,6.194087245474682e-19,enxuto
Sul,terceiros22,flavio26,0.0,0.0,6.9681165405875025e-19,enxuto
Sul,terceiros22,lula26,0.25312960958259373,0.07954597253405572,0.35331537734533996,enxuto
Sul,terceiros22,caiado26,0.14585223531106337,0.09601211456627444,0.18095426667023937,enxuto
Sul,terceiros22,cury26,0.20874903189740454,0.17639547283712997,0.2602598972181088,enxuto
Sul,terceiros22,renan26,0.2409260599911565,0.21580793828202724,0.2673401356832973,enxuto
Sul,terceiros22,zema26,0.015474552317782407,0.002560545331321404,0.030882762567451802,enxuto
Sul,terceiros22,outros26,5.951557889874134e-18,0.0,0.012501153292351484,enxuto
Sul,terceiros22,bn26,0.0,0.0,0.03225404423283315,enxuto
Sul,terceiros22,abst26,0.13586851089999957,0.07212788537532043,0.22432159268853175,enxuto
Sul,bn22,flavio26,0.0,0.0,0.14928089350131107,enxuto
Sul,bn22,lula26,1.1924543066335841e-17,0.0,3.3517358420648686e-19,enxuto
Sul,bn22,caiado26,0.1047753833046249,0.033815288512349065,0.18072406941325186,enxuto
Sul,bn22,cury26,0.08363584925403597,6.044270939907038e-18,0.15735295393649823,enxuto
Sul,bn22,renan26,8.92873642440764e-18,0.0,7.450565053410958e-05,enxuto
Sul,bn22,zema26,7.946095487531397e-18,0.0,2.1371700050410065e-19,enxuto
Sul,bn22,outros26,2.4373558345699704e-17,0.0,2.187568465402638e-19,enxuto
Sul,bn22,bn26,0.6008175640549328,0.5333408668728553,0.626947778432062,enxuto
Sul,bn22,abst26,0.2107712033864063,0.09373273219617445,0.33885214534521035,enxuto
Sul,abst22,flavio26,0.0,0.0,3.294099882215645e-18,enxuto
Sul,abst22,lula26,0.06914122559302263,0.031268122131037836,0.12120581348417295,enxuto
Sul,abst22,caiado26,6.544272038148686e-18,0.0,0.011799319246054636,enxuto
Sul,abst22,cury26,0.023992487981125573,0.006980495386745933,0.033822608131735064,enxuto
Sul,abst22,renan26,0.022924901504952872,0.006571682446826496,0.029395493001384863,enxuto
Sul,abst22,zema26,0.0056231688164257694,0.0,0.009989044016552207,enxuto
Sul,abst22,outros26,0.004006461190266821,0.0,0.007538330542300972,enxuto
Sul,abst22,bn26,0.0015199610988150414,0.0,0.01209271993490661,enxuto
Sul,abst22,abst26,0.8727917938153913,0.847542728853243,0.8940537367367865,enxuto
